,ID,SMILES,"Tg, K",METHOD ID,METHOD NAME
0,1,Ic1cccc(c1)N1C(=O)c2c(C1=O)cc(cc2)Oc1ccc2c(c1)C(=O)N(C2=O)I,533.0,4,"Tg (TMA), K, (exp) unknown conditions"
1,1,Ic1cccc(c1)N1C(=O)c2c(C1=O)cc(cc2)Oc1ccc2c(c1)C(=O)N(C2=O)I,574.0,7,"Tg (DSC), K"
2,1,Ic1cccc(c1)N1C(=O)c2c(C1=O)cc(cc2)Oc1ccc2c(c1)C(=O)N(C2=O)I,733.0,10,"Tsoft, K"
3,1,Ic1cccc(c1)N1C(=O)c2c(C1=O)cc(cc2)Oc1ccc2c(c1)C(=O)N(C2=O)I,763.0,10,"Tsoft, K"
4,1,Ic1cccc(c1)N1C(=O)c2c(C1=O)cc(cc2)Oc1ccc2c(c1)C(=O)N(C2=O)I,520.0,11,"Tg, K  (calc)"
5,3,Ic1ccc(cc1)Oc1ccc(cc1)N1C(=O)c2c(C1=O)cc(cc2)Oc1ccc2c(c1)C(=O)N(C2=O)I,545.0,6,"Tg (DTMA), K"
6,3,Ic1ccc(cc1)Oc1ccc(cc1)N1C(=O)c2c(C1=O)cc(cc2)Oc1ccc2c(c1)C(=O)N(C2=O)I,517.0,9,"Tg (unknown method), K"
7,3,Ic1ccc(cc1)Oc1ccc(cc1)N1C(=O)c2c(C1=O)cc(cc2)Oc1ccc2c(c1)C(=O)N(C2=O)I,543.0,10,"Tsoft, K"
8,3,Ic1ccc(cc1)Oc1ccc(cc1)N1C(=O)c2c(C1=O)cc(cc2)Oc1ccc2c(c1)C(=O)N(C2=O)I,540.0,10,"Tsoft, K"
9,3,Ic1ccc(cc1)Oc1ccc(cc1)N1C(=O)c2c(C1=O)cc(cc2)Oc1ccc2c(c1)C(=O)N(C2=O)I,511.0,11,"Tg, K  (calc)"
10,7,Ic1ccc(cc1)Oc1ccc(cc1)Oc1ccc(cc1)N1C(=O)c2c(C1=O)cc(cc2)Oc1ccc2c(c1)C(=O)N(C2=O)I,518.0,6,"Tg (DTMA), K"
11,7,Ic1ccc(cc1)Oc1ccc(cc1)Oc1ccc(cc1)N1C(=O)c2c(C1=O)cc(cc2)Oc1ccc2c(c1)C(=O)N(C2=O)I,511.0,7,"Tg (DSC), K"
12,7,Ic1ccc(cc1)Oc1ccc(cc1)Oc1ccc(cc1)N1C(=O)c2c(C1=O)cc(cc2)Oc1ccc2c(c1)C(=O)N(C2=O)I,523.0,10,"Tsoft, K"
13,7,Ic1ccc(cc1)Oc1ccc(cc1)Oc1ccc(cc1)N1C(=O)c2c(C1=O)cc(cc2)Oc1ccc2c(c1)C(=O)N(C2=O)I,530.0,10,"Tsoft, K"
14,7,Ic1ccc(cc1)Oc1ccc(cc1)Oc1ccc(cc1)N1C(=O)c2c(C1=O)cc(cc2)Oc1ccc2c(c1)C(=O)N(C2=O)I,484.0,11,"Tg, K  (calc)"
15,11,Ic1ccc(cc1)Oc1ccc(cc1)N1C(=O)c2c(C1=O)c(ccc2)Oc1cccc2c1C(=O)N(C2=O)I,568.0,6,"Tg (DTMA), K"
16,11,Ic1ccc(cc1)Oc1ccc(cc1)N1C(=O)c2c(C1=O)c(ccc2)Oc1cccc2c1C(=O)N(C2=O)I,563.0,7,"Tg (DSC), K"
17,11,Ic1ccc(cc1)Oc1ccc(cc1)N1C(=O)c2c(C1=O)c(ccc2)Oc1cccc2c1C(=O)N(C2=O)I,511.0,11,"Tg, K  (calc)"
18,12,Ic1ccc(cc1)Oc1ccc(cc1)N1C(=O)c2c(C1=O)c(ccc2)Oc1ccc2c(c1)C(=O)N(C2=O)I,555.0,6,"Tg (DTMA), K"
19,12,Ic1ccc(cc1)Oc1ccc(cc1)N1C(=O)c2c(C1=O)c(ccc2)Oc1ccc2c(c1)C(=O)N(C2=O)I,545.0,7,"Tg (DSC), K"
20,12,Ic1ccc(cc1)Oc1ccc(cc1)N1C(=O)c2c(C1=O)c(ccc2)Oc1ccc2c(c1)C(=O)N(C2=O)I,511.0,11,"Tg, K  (calc)"
21,13,Ic1ccc(cc1)Oc1ccc(cc1)Oc1ccc(cc1)N1C(=O)c2c(C1=O)c(ccc2)Oc1cccc2c1C(=O)N(C2=O)I,536.0,6,"Tg (DTMA), K"
22,13,Ic1ccc(cc1)Oc1ccc(cc1)Oc1ccc(cc1)N1C(=O)c2c(C1=O)c(ccc2)Oc1cccc2c1C(=O)N(C2=O)I,526.0,7,"Tg (DSC), K"
23,13,Ic1ccc(cc1)Oc1ccc(cc1)Oc1ccc(cc1)N1C(=O)c2c(C1=O)c(ccc2)Oc1cccc2c1C(=O)N(C2=O)I,484.0,11,"Tg, K  (calc)"
24,14,Ic1ccc(cc1)Oc1ccc(cc1)Oc1ccc(cc1)N1C(=O)c2c(C1=O)c(ccc2)Oc1ccc2c(c1)C(=O)N(C2=O)I,526.0,6,"Tg (DTMA), K"
25,14,Ic1ccc(cc1)Oc1ccc(cc1)Oc1ccc(cc1)N1C(=O)c2c(C1=O)c(ccc2)Oc1ccc2c(c1)C(=O)N(C2=O)I,518.0,7,"Tg (DSC), K"
26,14,Ic1ccc(cc1)Oc1ccc(cc1)Oc1ccc(cc1)N1C(=O)c2c(C1=O)c(ccc2)Oc1ccc2c(c1)C(=O)N(C2=O)I,484.0,11,"Tg, K  (calc)"
27,15,Ic1cccc(c1)N1C(=O)c2c(C1=O)cc(cc2)Oc1ccc(cc1)Oc1ccc2c(c1)C(=O)N(C2=O)I,535.0,4,"Tg (TMA), K, (exp) unknown conditions"
28,15,Ic1cccc(c1)N1C(=O)c2c(C1=O)cc(cc2)Oc1ccc(cc1)Oc1ccc2c(c1)C(=O)N(C2=O)I,528.0,7,"Tg (DSC), K"
29,15,Ic1cccc(c1)N1C(=O)c2c(C1=O)cc(cc2)Oc1ccc(cc1)Oc1ccc2c(c1)C(=O)N(C2=O)I,533.0,10,"Tsoft, K"
30,15,Ic1cccc(c1)N1C(=O)c2c(C1=O)cc(cc2)Oc1ccc(cc1)Oc1ccc2c(c1)C(=O)N(C2=O)I,485.0,11,"Tg, K  (calc)"
31,17,Ic1ccc(cc1)Oc1ccc(cc1)N1C(=O)c2c(C1=O)cc(cc2)Oc1ccc(cc1)Oc1ccc2c(c1)C(=O)N(C2=O)I,518.0,6,"Tg (DTMA), K"
32,17,Ic1ccc(cc1)Oc1ccc(cc1)N1C(=O)c2c(C1=O)cc(cc2)Oc1ccc(cc1)Oc1ccc2c(c1)C(=O)N(C2=O)I,529.0,7,"Tg (DSC), K"
33,17,Ic1ccc(cc1)Oc1ccc(cc1)N1C(=O)c2c(C1=O)cc(cc2)Oc1ccc(cc1)Oc1ccc2c(c1)C(=O)N(C2=O)I,493.0,10,"Tsoft, K"
34,17,Ic1ccc(cc1)Oc1ccc(cc1)N1C(=O)c2c(C1=O)cc(cc2)Oc1ccc(cc1)Oc1ccc2c(c1)C(=O)N(C2=O)I,484.0,11,"Tg, K  (calc)"
35,18,Ic1ccc(cc1)Oc1ccc(cc1)N1C(=O)c2c(C1=O)c(ccc2)Oc1ccc(cc1)Oc1cccc2c1C(=O)N(C2=O)I,542.0,6,"Tg (DTMA), K"
36,18,Ic1ccc(cc1)Oc1ccc(cc1)N1C(=O)c2c(C1=O)c(ccc2)Oc1ccc(cc1)Oc1cccc2c1C(=O)N(C2=O)I,536.0,7,"Tg (DSC), K"
37,18,Ic1ccc(cc1)Oc1ccc(cc1)N1C(=O)c2c(C1=O)c(ccc2)Oc1ccc(cc1)Oc1cccc2c1C(=O)N(C2=O)I,484.0,11,"Tg, K  (calc)"
38,21,Ic1cccc(c1)Cc1cccc(c1)N1C(=O)c2c(C1=O)ccc(c2)C(=O)c1ccc2c(c1)C(=O)N(C2=O)I,484.0,0,"Tg (TMA), K, (exp), Air, 200 C"
39,21,Ic1cccc(c1)Cc1cccc(c1)N1C(=O)c2c(C1=O)ccc(c2)C(=O)c1ccc2c(c1)C(=O)N(C2=O)I,545.0,1,"Tg (TMA), K, (exp), Air, 300˚C"
40,21,Ic1cccc(c1)Cc1cccc(c1)N1C(=O)c2c(C1=O)ccc(c2)C(=O)c1ccc2c(c1)C(=O)N(C2=O)I,538.0,1,"Tg (TMA), K, (exp), Air, 300˚C"
41,21,Ic1cccc(c1)Cc1cccc(c1)N1C(=O)c2c(C1=O)ccc(c2)C(=O)c1ccc2c(c1)C(=O)N(C2=O)I,507.0,2,"Tg (TMA), K, (exp), Vacuum 300C"
42,21,Ic1cccc(c1)Cc1cccc(c1)N1C(=O)c2c(C1=O)ccc(c2)C(=O)c1ccc2c(c1)C(=O)N(C2=O)I,505.0,3,"Tg (TMA), K, (exp),  N2 300 C"
43,21,Ic1cccc(c1)Cc1cccc(c1)N1C(=O)c2c(C1=O)ccc(c2)C(=O)c1ccc2c(c1)C(=O)N(C2=O)I,495.0,11,"Tg, K  (calc)"
44,26,Ic1ccc(cc1)Oc1ccc(cc1)N1C(=O)c2c(C1=O)cc(cc2)C(=O)c1ccc2c(c1)C(=O)N(C2=O)I,563.0,1,"Tg (TMA), K, (exp), Air, 300˚C"
45,26,Ic1ccc(cc1)Oc1ccc(cc1)N1C(=O)c2c(C1=O)cc(cc2)C(=O)c1ccc2c(c1)C(=O)N(C2=O)I,552.0,1,"Tg (TMA), K, (exp), Air, 300˚C"
46,26,Ic1ccc(cc1)Oc1ccc(cc1)N1C(=O)c2c(C1=O)cc(cc2)C(=O)c1ccc2c(c1)C(=O)N(C2=O)I,552.0,2,"Tg (TMA), K, (exp), Vacuum 300C"
47,26,Ic1ccc(cc1)Oc1ccc(cc1)N1C(=O)c2c(C1=O)cc(cc2)C(=O)c1ccc2c(c1)C(=O)N(C2=O)I,579.0,6,"Tg (DTMA), K"
48,26,Ic1ccc(cc1)Oc1ccc(cc1)N1C(=O)c2c(C1=O)cc(cc2)C(=O)c1ccc2c(c1)C(=O)N(C2=O)I,544.0,7,"Tg (DSC), K"
49,26,Ic1ccc(cc1)Oc1ccc(cc1)N1C(=O)c2c(C1=O)cc(cc2)C(=O)c1ccc2c(c1)C(=O)N(C2=O)I,550.0,7,"Tg (DSC), K"
50,26,Ic1ccc(cc1)Oc1ccc(cc1)N1C(=O)c2c(C1=O)cc(cc2)C(=O)c1ccc2c(c1)C(=O)N(C2=O)I,543.0,9,"Tg (unknown method), K"
51,26,Ic1ccc(cc1)Oc1ccc(cc1)N1C(=O)c2c(C1=O)cc(cc2)C(=O)c1ccc2c(c1)C(=O)N(C2=O)I,539.0,9,"Tg (unknown method), K"
52,26,Ic1ccc(cc1)Oc1ccc(cc1)N1C(=O)c2c(C1=O)cc(cc2)C(=O)c1ccc2c(c1)C(=O)N(C2=O)I,563.0,10,"Tsoft, K"
53,26,Ic1ccc(cc1)Oc1ccc(cc1)N1C(=O)c2c(C1=O)cc(cc2)C(=O)c1ccc2c(c1)C(=O)N(C2=O)I,537.0,11,"Tg, K  (calc)"
54,28,Ic1ccc(cc1)c1ccc(cc1)N1C(=O)c2c(C1=O)ccc(c2)C(=O)c1ccc2c(c1)C(=O)N(C2=O)I,655.0,1,"Tg (TMA), K, (exp), Air, 300˚C"
55,28,Ic1ccc(cc1)c1ccc(cc1)N1C(=O)c2c(C1=O)ccc(c2)C(=O)c1ccc2c(c1)C(=O)N(C2=O)I,617.0,1,"Tg (TMA), K, (exp), Air, 300˚C"
56,28,Ic1ccc(cc1)c1ccc(cc1)N1C(=O)c2c(C1=O)ccc(c2)C(=O)c1ccc2c(c1)C(=O)N(C2=O)I,619.0,4,"Tg (TMA), K, (exp) unknown conditions"
57,28,Ic1ccc(cc1)c1ccc(cc1)N1C(=O)c2c(C1=O)ccc(c2)C(=O)c1ccc2c(c1)C(=O)N(C2=O)I,591.0,11,"Tg, K  (calc)"
58,33,Ic1ccc(cc1)Cc1ccc(cc1)N1C(=O)c2c(C1=O)cc(cc2)C(=O)c1ccc2c(c1)C(=O)N(C2=O)I,543.0,0,"Tg (TMA), K, (exp), Air, 200 C"
59,33,Ic1ccc(cc1)Cc1ccc(cc1)N1C(=O)c2c(C1=O)cc(cc2)C(=O)c1ccc2c(c1)C(=O)N(C2=O)I,579.0,1,"Tg (TMA), K, (exp), Air, 300˚C"
60,33,Ic1ccc(cc1)Cc1ccc(cc1)N1C(=O)c2c(C1=O)cc(cc2)C(=O)c1ccc2c(c1)C(=O)N(C2=O)I,569.0,1,"Tg (TMA), K, (exp), Air, 300˚C"
61,33,Ic1ccc(cc1)Cc1ccc(cc1)N1C(=O)c2c(C1=O)cc(cc2)C(=O)c1ccc2c(c1)C(=O)N(C2=O)I,563.0,2,"Tg (TMA), K, (exp), Vacuum 300C"
62,33,Ic1ccc(cc1)Cc1ccc(cc1)N1C(=O)c2c(C1=O)cc(cc2)C(=O)c1ccc2c(c1)C(=O)N(C2=O)I,563.0,3,"Tg (TMA), K, (exp),  N2 300 C"
63,33,Ic1ccc(cc1)Cc1ccc(cc1)N1C(=O)c2c(C1=O)cc(cc2)C(=O)c1ccc2c(c1)C(=O)N(C2=O)I,553.0,7,"Tg (DSC), K"
64,33,Ic1ccc(cc1)Cc1ccc(cc1)N1C(=O)c2c(C1=O)cc(cc2)C(=O)c1ccc2c(c1)C(=O)N(C2=O)I,550.0,11,"Tg, K  (calc)"
65,36,Ic1ccc2c(c1)Cc1c2ccc(c1)N1C(=O)c2c(C1=O)ccc(c2)C(=O)c1ccc2c(c1)C(=O)N(C2=O)I,606.0,1,"Tg (TMA), K, (exp), Air, 300˚C"
66,36,Ic1ccc2c(c1)Cc1c2ccc(c1)N1C(=O)c2c(C1=O)ccc(c2)C(=O)c1ccc2c(c1)C(=O)N(C2=O)I,598.0,2,"Tg (TMA), K, (exp), Vacuum 300C"
67,36,Ic1ccc2c(c1)Cc1c2ccc(c1)N1C(=O)c2c(C1=O)ccc(c2)C(=O)c1ccc2c(c1)C(=O)N(C2=O)I,554.0,11,"Tg, K  (calc)"
68,37,Ic1ccc(cc1)C(=O)c1ccc(cc1)N1C(=O)c2c(C1=O)cc(cc2)C(=O)c1ccc2c(c1)C(=O)N(C2=O)I,532.0,0,"Tg (TMA), K, (exp), Air, 200 C"
69,37,Ic1ccc(cc1)C(=O)c1ccc(cc1)N1C(=O)c2c(C1=O)cc(cc2)C(=O)c1ccc2c(c1)C(=O)N(C2=O)I,566.0,1,"Tg (TMA), K, (exp), Air, 300˚C"
70,37,Ic1ccc(cc1)C(=O)c1ccc(cc1)N1C(=O)c2c(C1=O)cc(cc2)C(=O)c1ccc2c(c1)C(=O)N(C2=O)I,561.0,1,"Tg (TMA), K, (exp), Air, 300˚C"
71,37,Ic1ccc(cc1)C(=O)c1ccc(cc1)N1C(=O)c2c(C1=O)cc(cc2)C(=O)c1ccc2c(c1)C(=O)N(C2=O)I,568.0,2,"Tg (TMA), K, (exp), Vacuum 300C"
72,37,Ic1ccc(cc1)C(=O)c1ccc(cc1)N1C(=O)c2c(C1=O)cc(cc2)C(=O)c1ccc2c(c1)C(=O)N(C2=O)I,563.0,10,"Tsoft, K"
73,37,Ic1ccc(cc1)C(=O)c1ccc(cc1)N1C(=O)c2c(C1=O)cc(cc2)C(=O)c1ccc2c(c1)C(=O)N(C2=O)I,633.0,10,"Tsoft, K"
74,37,Ic1ccc(cc1)C(=O)c1ccc(cc1)N1C(=O)c2c(C1=O)cc(cc2)C(=O)c1ccc2c(c1)C(=O)N(C2=O)I,565.0,11,"Tg, K  (calc)"
75,39,Ic1cccc(c1)C(=O)c1cccc(c1)N1C(=O)c2c(C1=O)ccc(c2)C(=O)c1ccc2c(c1)C(=O)N(C2=O)I,489.0,0,"Tg (TMA), K, (exp), Air, 200 C"
76,39,Ic1cccc(c1)C(=O)c1cccc(c1)N1C(=O)c2c(C1=O)ccc(c2)C(=O)c1ccc2c(c1)C(=O)N(C2=O)I,537.0,1,"Tg (TMA), K, (exp), Air, 300˚C"
77,39,Ic1cccc(c1)C(=O)c1cccc(c1)N1C(=O)c2c(C1=O)ccc(c2)C(=O)c1ccc2c(c1)C(=O)N(C2=O)I,532.0,1,"Tg (TMA), K, (exp), Air, 300˚C"
78,39,Ic1cccc(c1)C(=O)c1cccc(c1)N1C(=O)c2c(C1=O)ccc(c2)C(=O)c1ccc2c(c1)C(=O)N(C2=O)I,537.0,2,"Tg (TMA), K, (exp), Vacuum 300C"
79,39,Ic1cccc(c1)C(=O)c1cccc(c1)N1C(=O)c2c(C1=O)ccc(c2)C(=O)c1ccc2c(c1)C(=O)N(C2=O)I,507.0,11,"Tg, K  (calc)"
80,41,Ic1ccc(cc1)C(=O)c1ccc(cc1)C(=O)c1ccc(cc1)N1C(=O)c2c(C1=O)cc(cc2)C(=O)c1ccc2c(c1)C(=O)N(C2=O)I,559.0,5,"Tg (TBA), K, (exp),  N2 300 C"
81,41,Ic1ccc(cc1)C(=O)c1ccc(cc1)C(=O)c1ccc(cc1)N1C(=O)c2c(C1=O)cc(cc2)C(=O)c1ccc2c(c1)C(=O)N(C2=O)I,546.0,11,"Tg, K  (calc)"
82,42,Ic1ccc(nc1)Oc1ccc(cc1)Oc1ccc(cn1)N1C(=O)c2c(C1=O)cc(cc2)C(=O)c1ccc2c(c1)C(=O)N(C2=O)I,526.0,4,"Tg (TMA), K, (exp) unknown conditions"
83,42,Ic1ccc(nc1)Oc1ccc(cc1)Oc1ccc(cn1)N1C(=O)c2c(C1=O)cc(cc2)C(=O)c1ccc2c(c1)C(=O)N(C2=O)I,484.0,11,"Tg, K  (calc)"
84,45,Ic1cccc(c1)C(=O)c1ccc(cc1)C(=O)c1cccc(c1)N1C(=O)c2c(C1=O)cc(cc2)C(=O)c1ccc2c(c1)C(=O)N(C2=O)I,513.0,5,"Tg (TBA), K, (exp),  N2 300 C"
85,45,Ic1cccc(c1)C(=O)c1ccc(cc1)C(=O)c1cccc(c1)N1C(=O)c2c(C1=O)cc(cc2)C(=O)c1ccc2c(c1)C(=O)N(C2=O)I,501.0,11,"Tg, K  (calc)"
86,46,Ic1ccc(cc1)C(=O)c1cccc(c1)C(=O)c1ccc(cc1)N1C(=O)c2c(C1=O)cc(cc2)C(=O)c1ccc2c(c1)C(=O)N(C2=O)I,549.0,5,"Tg (TBA), K, (exp),  N2 300 C"
87,46,Ic1ccc(cc1)C(=O)c1cccc(c1)C(=O)c1ccc(cc1)N1C(=O)c2c(C1=O)cc(cc2)C(=O)c1ccc2c(c1)C(=O)N(C2=O)I,523.0,11,"Tg, K  (calc)"
88,47,Ic1ccc(cc1)Oc1ccc(cc1)Oc1ccc(cc1)N1C(=O)c2c(C1=O)cc(cc2)C(=O)c1ccc2c(c1)C(=O)N(C2=O)I,528.0,6,"Tg (DTMA), K"
89,47,Ic1ccc(cc1)Oc1ccc(cc1)Oc1ccc(cc1)N1C(=O)c2c(C1=O)cc(cc2)C(=O)c1ccc2c(c1)C(=O)N(C2=O)I,543.0,10,"Tsoft, K"
90,47,Ic1ccc(cc1)Oc1ccc(cc1)Oc1ccc(cc1)N1C(=O)c2c(C1=O)cc(cc2)C(=O)c1ccc2c(c1)C(=O)N(C2=O)I,504.0,11,"Tg, K  (calc)"
91,49,Ic1ccc2c(c1)C(=O)c1c2ccc(c1)N1C(=O)c2c(C1=O)ccc(c2)C(=O)c1ccc2c(c1)C(=O)N(C2=O)I,604.0,1,"Tg (TMA), K, (exp), Air, 300˚C"
92,49,Ic1ccc2c(c1)C(=O)c1c2ccc(c1)N1C(=O)c2c(C1=O)ccc(c2)C(=O)c1ccc2c(c1)C(=O)N(C2=O)I,620.0,2,"Tg (TMA), K, (exp), Vacuum 300C"
93,49,Ic1ccc2c(c1)C(=O)c1c2ccc(c1)N1C(=O)c2c(C1=O)ccc(c2)C(=O)c1ccc2c(c1)C(=O)N(C2=O)I,627.0,7,"Tg (DSC), K"
94,49,Ic1ccc2c(c1)C(=O)c1c2ccc(c1)N1C(=O)c2c(C1=O)ccc(c2)C(=O)c1ccc2c(c1)C(=O)N(C2=O)I,570.0,11,"Tg, K  (calc)"
95,50,Ic1ccc(cc1)Oc1ccc(cc1)N1C(=O)c2c(C1=O)c(ccc2)C(=O)c1ccc2c(c1)C(=O)N(C2=O)I,552.0,4,"Tg (TMA), K, (exp) unknown conditions"
96,50,Ic1ccc(cc1)Oc1ccc(cc1)N1C(=O)c2c(C1=O)c(ccc2)C(=O)c1ccc2c(c1)C(=O)N(C2=O)I,616.0,6,"Tg (DTMA), K"
97,50,Ic1ccc(cc1)Oc1ccc(cc1)N1C(=O)c2c(C1=O)c(ccc2)C(=O)c1ccc2c(c1)C(=O)N(C2=O)I,537.0,11,"Tg, K  (calc)"
98,51,Ic1ccc(cc1)Oc1ccc(cc1)Oc1ccc(cc1)N1C(=O)c2c(C1=O)c(ccc2)C(=O)c1ccc2c(c1)C(=O)N(C2=O)I,541.0,6,"Tg (DTMA), K"
99,51,Ic1ccc(cc1)Oc1ccc(cc1)Oc1ccc(cc1)N1C(=O)c2c(C1=O)c(ccc2)C(=O)c1ccc2c(c1)C(=O)N(C2=O)I,504.0,11,"Tg, K  (calc)"
100,52,Ic1ccc(cc1)Oc1ccc(cc1)Oc1ccc(cc1)N1C(=O)c2c(C1=O)c(ccc2)C(=O)c1cccc2c1C(=O)N(C2=O)I,551.0,6,"Tg (DTMA), K"
101,52,Ic1ccc(cc1)Oc1ccc(cc1)Oc1ccc(cc1)N1C(=O)c2c(C1=O)c(ccc2)C(=O)c1cccc2c1C(=O)N(C2=O)I,504.0,11,"Tg, K  (calc)"
102,53,Ic1ccc(cc1)N1C(=O)c2c(C1=O)cc(cc2)C(=O)c1ccc2c(c1)C(=O)N(C2=O)I,606.0,1,"Tg (TMA), K, (exp), Air, 300˚C"
103,53,Ic1ccc(cc1)N1C(=O)c2c(C1=O)cc(cc2)C(=O)c1ccc2c(c1)C(=O)N(C2=O)I,598.0,11,"Tg, K  (calc)"
104,54,Ic1cccc(c1)N1C(=O)c2c(C1=O)cc(cc2)C(=O)c1ccc2c(c1)C(=O)N(C2=O)I,573.0,1,"Tg (TMA), K, (exp), Air, 300˚C"
105,54,Ic1cccc(c1)N1C(=O)c2c(C1=O)cc(cc2)C(=O)c1ccc2c(c1)C(=O)N(C2=O)I,567.0,5,"Tg (TBA), K, (exp),  N2 300 C"
106,54,Ic1cccc(c1)N1C(=O)c2c(C1=O)cc(cc2)C(=O)c1ccc2c(c1)C(=O)N(C2=O)I,593.0,7,"Tg (DSC), K"
107,54,Ic1cccc(c1)N1C(=O)c2c(C1=O)cc(cc2)C(=O)c1ccc2c(c1)C(=O)N(C2=O)I,563.0,7,"Tg (DSC), K"
108,54,Ic1cccc(c1)N1C(=O)c2c(C1=O)cc(cc2)C(=O)c1ccc2c(c1)C(=O)N(C2=O)I,593.0,7,"Tg (DSC), K"
109,54,Ic1cccc(c1)N1C(=O)c2c(C1=O)cc(cc2)C(=O)c1ccc2c(c1)C(=O)N(C2=O)I,570.0,8,"Tg (Dilatometry), K"
110,54,Ic1cccc(c1)N1C(=O)c2c(C1=O)cc(cc2)C(=O)c1ccc2c(c1)C(=O)N(C2=O)I,563.0,9,"Tg (unknown method), K"
111,54,Ic1cccc(c1)N1C(=O)c2c(C1=O)cc(cc2)C(=O)c1ccc2c(c1)C(=O)N(C2=O)I,555.0,11,"Tg, K  (calc)"
112,57,Ic1ccc(nc1)Sc1ccc(cn1)N1C(=O)c2c(C1=O)cc(cc2)C(=O)c1ccc2c(c1)C(=O)N(C2=O)I,519.0,1,"Tg (TMA), K, (exp), Air, 300˚C"
113,57,Ic1ccc(nc1)Sc1ccc(cn1)N1C(=O)c2c(C1=O)cc(cc2)C(=O)c1ccc2c(c1)C(=O)N(C2=O)I,497.0,11,"Tg, K  (calc)"
114,59,Ic1ccc(cc1)Sc1ccc(cc1)N1C(=O)c2c(C1=O)cc(cc2)C(=O)c1ccc2c(c1)C(=O)N(C2=O)I,549.0,1,"Tg (TMA), K, (exp), Air, 300˚C"
115,59,Ic1ccc(cc1)Sc1ccc(cc1)N1C(=O)c2c(C1=O)cc(cc2)C(=O)c1ccc2c(c1)C(=O)N(C2=O)I,521.0,11,"Tg, K  (calc)"
116,60,Ic1ccc(cc1)Oc1ccc(cc1)N1C(=O)c2c(C1=O)cc(cc2)C(C(F)(F)F)(C(F)(F)F)c1ccc2c(c1)C(=O)N(C2=O)I,566.0,4,"Tg (TMA), K, (exp) unknown conditions"
117,60,Ic1ccc(cc1)Oc1ccc(cc1)N1C(=O)c2c(C1=O)cc(cc2)C(C(F)(F)F)(C(F)(F)F)c1ccc2c(c1)C(=O)N(C2=O)I,567.0,6,"Tg (DTMA), K"
118,60,Ic1ccc(cc1)Oc1ccc(cc1)N1C(=O)c2c(C1=O)cc(cc2)C(C(F)(F)F)(C(F)(F)F)c1ccc2c(c1)C(=O)N(C2=O)I,561.0,7,"Tg (DSC), K"
119,60,Ic1ccc(cc1)Oc1ccc(cc1)N1C(=O)c2c(C1=O)cc(cc2)C(C(F)(F)F)(C(F)(F)F)c1ccc2c(c1)C(=O)N(C2=O)I,564.0,7,"Tg (DSC), K"
120,60,Ic1ccc(cc1)Oc1ccc(cc1)N1C(=O)c2c(C1=O)cc(cc2)C(C(F)(F)F)(C(F)(F)F)c1ccc2c(c1)C(=O)N(C2=O)I,564.0,7,"Tg (DSC), K"
121,60,Ic1ccc(cc1)Oc1ccc(cc1)N1C(=O)c2c(C1=O)cc(cc2)C(C(F)(F)F)(C(F)(F)F)c1ccc2c(c1)C(=O)N(C2=O)I,572.0,7,"Tg (DSC), K"
122,60,Ic1ccc(cc1)Oc1ccc(cc1)N1C(=O)c2c(C1=O)cc(cc2)C(C(F)(F)F)(C(F)(F)F)c1ccc2c(c1)C(=O)N(C2=O)I,572.0,7,"Tg (DSC), K"
123,60,Ic1ccc(cc1)Oc1ccc(cc1)N1C(=O)c2c(C1=O)cc(cc2)C(C(F)(F)F)(C(F)(F)F)c1ccc2c(c1)C(=O)N(C2=O)I,577.0,7,"Tg (DSC), K"
124,60,Ic1ccc(cc1)Oc1ccc(cc1)N1C(=O)c2c(C1=O)cc(cc2)C(C(F)(F)F)(C(F)(F)F)c1ccc2c(c1)C(=O)N(C2=O)I,569.0,7,"Tg (DSC), K"
125,60,Ic1ccc(cc1)Oc1ccc(cc1)N1C(=O)c2c(C1=O)cc(cc2)C(C(F)(F)F)(C(F)(F)F)c1ccc2c(c1)C(=O)N(C2=O)I,568.0,7,"Tg (DSC), K"
126,60,Ic1ccc(cc1)Oc1ccc(cc1)N1C(=O)c2c(C1=O)cc(cc2)C(C(F)(F)F)(C(F)(F)F)c1ccc2c(c1)C(=O)N(C2=O)I,558.0,7,"Tg (DSC), K"
127,60,Ic1ccc(cc1)Oc1ccc(cc1)N1C(=O)c2c(C1=O)cc(cc2)C(C(F)(F)F)(C(F)(F)F)c1ccc2c(c1)C(=O)N(C2=O)I,572.0,9,"Tg (unknown method), K"
128,60,Ic1ccc(cc1)Oc1ccc(cc1)N1C(=O)c2c(C1=O)cc(cc2)C(C(F)(F)F)(C(F)(F)F)c1ccc2c(c1)C(=O)N(C2=O)I,572.0,9,"Tg (unknown method), K"
129,60,Ic1ccc(cc1)Oc1ccc(cc1)N1C(=O)c2c(C1=O)cc(cc2)C(C(F)(F)F)(C(F)(F)F)c1ccc2c(c1)C(=O)N(C2=O)I,561.0,9,"Tg (unknown method), K"
130,60,Ic1ccc(cc1)Oc1ccc(cc1)N1C(=O)c2c(C1=O)cc(cc2)C(C(F)(F)F)(C(F)(F)F)c1ccc2c(c1)C(=O)N(C2=O)I,583.0,9,"Tg (unknown method), K"
131,60,Ic1ccc(cc1)Oc1ccc(cc1)N1C(=O)c2c(C1=O)cc(cc2)C(C(F)(F)F)(C(F)(F)F)c1ccc2c(c1)C(=O)N(C2=O)I,572.0,9,"Tg (unknown method), K"
132,60,Ic1ccc(cc1)Oc1ccc(cc1)N1C(=O)c2c(C1=O)cc(cc2)C(C(F)(F)F)(C(F)(F)F)c1ccc2c(c1)C(=O)N(C2=O)I,556.0,11,"Tg, K  (calc)"
133,61,Ic1ccc(cc1)Oc1ccc(cc1)Oc1ccc(cc1)N1C(=O)c2c(C1=O)cc(cc2)C(C(F)(F)F)(C(F)(F)F)c1ccc2c(c1)C(=O)N(C2=O)I,540.0,4,"Tg (TMA), K, (exp) unknown conditions"
134,61,Ic1ccc(cc1)Oc1ccc(cc1)Oc1ccc(cc1)N1C(=O)c2c(C1=O)cc(cc2)C(C(F)(F)F)(C(F)(F)F)c1ccc2c(c1)C(=O)N(C2=O)I,502.0,7,"Tg (DSC), K"
135,61,Ic1ccc(cc1)Oc1ccc(cc1)Oc1ccc(cc1)N1C(=O)c2c(C1=O)cc(cc2)C(C(F)(F)F)(C(F)(F)F)c1ccc2c(c1)C(=O)N(C2=O)I,543.0,9,"Tg (unknown method), K"
136,61,Ic1ccc(cc1)Oc1ccc(cc1)Oc1ccc(cc1)N1C(=O)c2c(C1=O)cc(cc2)C(C(F)(F)F)(C(F)(F)F)c1ccc2c(c1)C(=O)N(C2=O)I,522.0,11,"Tg, K  (calc)"
137,62,Ic1ccc(cc1)Sc1ccc(cc1)N1C(=O)c2c(C1=O)cc(cc2)C(C(F)(F)F)(C(F)(F)F)c1ccc2c(c1)C(=O)N(C2=O)I,556.0,7,"Tg (DSC), K"
138,62,Ic1ccc(cc1)Sc1ccc(cc1)N1C(=O)c2c(C1=O)cc(cc2)C(C(F)(F)F)(C(F)(F)F)c1ccc2c(c1)C(=O)N(C2=O)I,541.0,11,"Tg, K  (calc)"
139,63,Ic1ccc(cc1)Cc1ccc(cc1)N1C(=O)c2c(C1=O)cc(cc2)C(C(F)(F)F)(C(F)(F)F)c1ccc2c(c1)C(=O)N(C2=O)I,548.0,4,"Tg (TMA), K, (exp) unknown conditions"
140,63,Ic1ccc(cc1)Cc1ccc(cc1)N1C(=O)c2c(C1=O)cc(cc2)C(C(F)(F)F)(C(F)(F)F)c1ccc2c(c1)C(=O)N(C2=O)I,569.0,6,"Tg (DTMA), K"
141,63,Ic1ccc(cc1)Cc1ccc(cc1)N1C(=O)c2c(C1=O)cc(cc2)C(C(F)(F)F)(C(F)(F)F)c1ccc2c(c1)C(=O)N(C2=O)I,570.0,7,"Tg (DSC), K"
142,63,Ic1ccc(cc1)Cc1ccc(cc1)N1C(=O)c2c(C1=O)cc(cc2)C(C(F)(F)F)(C(F)(F)F)c1ccc2c(c1)C(=O)N(C2=O)I,559.0,7,"Tg (DSC), K"
143,63,Ic1ccc(cc1)Cc1ccc(cc1)N1C(=O)c2c(C1=O)cc(cc2)C(C(F)(F)F)(C(F)(F)F)c1ccc2c(c1)C(=O)N(C2=O)I,564.0,7,"Tg (DSC), K"
144,63,Ic1ccc(cc1)Cc1ccc(cc1)N1C(=O)c2c(C1=O)cc(cc2)C(C(F)(F)F)(C(F)(F)F)c1ccc2c(c1)C(=O)N(C2=O)I,567.0,11,"Tg, K  (calc)"
145,64,Ic1cccc(c1)N1C(=O)c2c(C1=O)cc(cc2)C(C(F)(F)F)(C(F)(F)F)c1ccc2c(c1)C(=O)N(C2=O)I,548.0,7,"Tg (DSC), K"
146,64,Ic1cccc(c1)N1C(=O)c2c(C1=O)cc(cc2)C(C(F)(F)F)(C(F)(F)F)c1ccc2c(c1)C(=O)N(C2=O)I,548.0,7,"Tg (DSC), K"
147,64,Ic1cccc(c1)N1C(=O)c2c(C1=O)cc(cc2)C(C(F)(F)F)(C(F)(F)F)c1ccc2c(c1)C(=O)N(C2=O)I,571.0,7,"Tg (DSC), K"
148,64,Ic1cccc(c1)N1C(=O)c2c(C1=O)cc(cc2)C(C(F)(F)F)(C(F)(F)F)c1ccc2c(c1)C(=O)N(C2=O)I,563.0,7,"Tg (DSC), K"
149,64,Ic1cccc(c1)N1C(=O)c2c(C1=O)cc(cc2)C(C(F)(F)F)(C(F)(F)F)c1ccc2c(c1)C(=O)N(C2=O)I,574.0,7,"Tg (DSC), K"
150,64,Ic1cccc(c1)N1C(=O)c2c(C1=O)cc(cc2)C(C(F)(F)F)(C(F)(F)F)c1ccc2c(c1)C(=O)N(C2=O)I,570.0,7,"Tg (DSC), K"
151,64,Ic1cccc(c1)N1C(=O)c2c(C1=O)cc(cc2)C(C(F)(F)F)(C(F)(F)F)c1ccc2c(c1)C(=O)N(C2=O)I,558.0,9,"Tg (unknown method), K"
152,64,Ic1cccc(c1)N1C(=O)c2c(C1=O)cc(cc2)C(C(F)(F)F)(C(F)(F)F)c1ccc2c(c1)C(=O)N(C2=O)I,571.0,9,"Tg (unknown method), K"
153,64,Ic1cccc(c1)N1C(=O)c2c(C1=O)cc(cc2)C(C(F)(F)F)(C(F)(F)F)c1ccc2c(c1)C(=O)N(C2=O)I,578.0,9,"Tg (unknown method), K"
154,64,Ic1cccc(c1)N1C(=O)c2c(C1=O)cc(cc2)C(C(F)(F)F)(C(F)(F)F)c1ccc2c(c1)C(=O)N(C2=O)I,578.0,9,"Tg (unknown method), K"
155,64,Ic1cccc(c1)N1C(=O)c2c(C1=O)cc(cc2)C(C(F)(F)F)(C(F)(F)F)c1ccc2c(c1)C(=O)N(C2=O)I,576.0,11,"Tg, K  (calc)"
156,65,Ic1ccc(cc1)N1C(=O)c2c(C1=O)cc(cc2)C(C(F)(F)F)(C(F)(F)F)c1ccc2c(c1)C(=O)N(C2=O)I,615.0,4,"Tg (TMA), K, (exp) unknown conditions"
157,65,Ic1ccc(cc1)N1C(=O)c2c(C1=O)cc(cc2)C(C(F)(F)F)(C(F)(F)F)c1ccc2c(c1)C(=O)N(C2=O)I,578.0,7,"Tg (DSC), K"
158,65,Ic1ccc(cc1)N1C(=O)c2c(C1=O)cc(cc2)C(C(F)(F)F)(C(F)(F)F)c1ccc2c(c1)C(=O)N(C2=O)I,611.0,7,"Tg (DSC), K"
159,65,Ic1ccc(cc1)N1C(=O)c2c(C1=O)cc(cc2)C(C(F)(F)F)(C(F)(F)F)c1ccc2c(c1)C(=O)N(C2=O)I,623.0,7,"Tg (DSC), K"
160,65,Ic1ccc(cc1)N1C(=O)c2c(C1=O)cc(cc2)C(C(F)(F)F)(C(F)(F)F)c1ccc2c(c1)C(=O)N(C2=O)I,584.0,7,"Tg (DSC), K"
161,65,Ic1ccc(cc1)N1C(=O)c2c(C1=O)cc(cc2)C(C(F)(F)F)(C(F)(F)F)c1ccc2c(c1)C(=O)N(C2=O)I,599.0,7,"Tg (DSC), K"
162,65,Ic1ccc(cc1)N1C(=O)c2c(C1=O)cc(cc2)C(C(F)(F)F)(C(F)(F)F)c1ccc2c(c1)C(=O)N(C2=O)I,624.0,9,"Tg (unknown method), K"
163,65,Ic1ccc(cc1)N1C(=O)c2c(C1=O)cc(cc2)C(C(F)(F)F)(C(F)(F)F)c1ccc2c(c1)C(=O)N(C2=O)I,615.0,11,"Tg, K  (calc)"
164,66,Ic1ccc(cc1)S(=O)(=O)c1ccc(cc1)N1C(=O)c2c(C1=O)cc(cc2)C(C(F)(F)F)(C(F)(F)F)c1ccc2c(c1)C(=O)N(C2=O)I,598.0,7,"Tg (DSC), K"
165,66,Ic1ccc(cc1)S(=O)(=O)c1ccc(cc1)N1C(=O)c2c(C1=O)cc(cc2)C(C(F)(F)F)(C(F)(F)F)c1ccc2c(c1)C(=O)N(C2=O)I,609.0,7,"Tg (DSC), K"
166,66,Ic1ccc(cc1)S(=O)(=O)c1ccc(cc1)N1C(=O)c2c(C1=O)cc(cc2)C(C(F)(F)F)(C(F)(F)F)c1ccc2c(c1)C(=O)N(C2=O)I,610.0,9,"Tg (unknown method), K"
167,66,Ic1ccc(cc1)S(=O)(=O)c1ccc(cc1)N1C(=O)c2c(C1=O)cc(cc2)C(C(F)(F)F)(C(F)(F)F)c1ccc2c(c1)C(=O)N(C2=O)I,625.0,11,"Tg, K  (calc)"
168,67,Ic1ccc(cc1)c1ccc(cc1)N1C(=O)c2c(C1=O)ccc(c2)C(C(F)(F)F)(C(F)(F)F)c1ccc2c(c1)C(=O)N(C2=O)I,610.0,7,"Tg (DSC), K"
169,67,Ic1ccc(cc1)c1ccc(cc1)N1C(=O)c2c(C1=O)ccc(c2)C(C(F)(F)F)(C(F)(F)F)c1ccc2c(c1)C(=O)N(C2=O)I,605.0,11,"Tg, K  (calc)"
170,68,IN1C(=O)c2c(C1=O)cc(cc2)C(C(F)(F)F)(C(F)(F)F)c1ccc2c(c1)C(=O)N(C2=O)c1cccc2c1cccc2I,618.0,7,"Tg (DSC), K"
171,68,IN1C(=O)c2c(C1=O)cc(cc2)C(C(F)(F)F)(C(F)(F)F)c1ccc2c(c1)C(=O)N(C2=O)c1cccc2c1cccc2I,588.0,11,"Tg, K  (calc)"
172,69,Ic1cccc(c1)Oc1cccc(c1)N1C(=O)c2c(C1=O)ccc(c2)C(C(F)(F)F)(C(F)(F)F)c1ccc2c(c1)C(=O)N(C2=O)I,517.0,7,"Tg (DSC), K"
173,69,Ic1cccc(c1)Oc1cccc(c1)N1C(=O)c2c(C1=O)ccc(c2)C(C(F)(F)F)(C(F)(F)F)c1ccc2c(c1)C(=O)N(C2=O)I,506.0,11,"Tg, K  (calc)"
174,72,Ic1ccc(cc1)C(=O)c1ccc(cc1)C(=O)c1ccc(cc1)N1C(=O)c2c(C1=O)cc(cc2)C(=O)c1cccc(c1)C(=O)c1ccc2c(c1)C(=O)N(C2=O)I,533.0,5,"Tg (TBA), K, (exp),  N2 300 C"
175,72,Ic1ccc(cc1)C(=O)c1ccc(cc1)C(=O)c1ccc(cc1)N1C(=O)c2c(C1=O)cc(cc2)C(=O)c1cccc(c1)C(=O)c1ccc2c(c1)C(=O)N(C2=O)I,515.0,11,"Tg, K  (calc)"
176,73,Ic1ccc(cc1)N1C(=O)c2c(C1=O)cccc2Sc1cccc2c1C(=O)N(C2=O)I,603.0,7,"Tg (DSC), K"
177,73,Ic1ccc(cc1)N1C(=O)c2c(C1=O)cccc2Sc1cccc2c1C(=O)N(C2=O)I,536.0,11,"Tg, K  (calc)"
178,74,Ic1ccc(cc1)N1C(=O)c2c(C1=O)c(ccc2)Sc1ccc2c(c1)C(=O)N(C2=O)I,639.0,6,"Tg (DTMA), K"
179,74,Ic1ccc(cc1)N1C(=O)c2c(C1=O)c(ccc2)Sc1ccc2c(c1)C(=O)N(C2=O)I,593.0,7,"Tg (DSC), K"
180,74,Ic1ccc(cc1)N1C(=O)c2c(C1=O)c(ccc2)Sc1ccc2c(c1)C(=O)N(C2=O)I,536.0,11,"Tg, K  (calc)"
181,75,Ic1ccc(cc1)N1C(=O)c2c(C1=O)cc(cc2)Sc1ccc2c(c1)C(=O)N(C2=O)I,651.0,6,"Tg (DTMA), K"
182,75,Ic1ccc(cc1)N1C(=O)c2c(C1=O)cc(cc2)Sc1ccc2c(c1)C(=O)N(C2=O)I,592.0,7,"Tg (DSC), K"
183,75,Ic1ccc(cc1)N1C(=O)c2c(C1=O)cc(cc2)Sc1ccc2c(c1)C(=O)N(C2=O)I,536.0,11,"Tg, K  (calc)"
184,76,Ic1ccc(cc1)Oc1ccc(cc1)N1C(=O)c2c(C1=O)c(ccc2)Sc1cccc2c1C(=O)N(C2=O)I,578.0,6,"Tg (DTMA), K"
185,76,Ic1ccc(cc1)Oc1ccc(cc1)N1C(=O)c2c(C1=O)c(ccc2)Sc1cccc2c1C(=O)N(C2=O)I,554.0,7,"Tg (DSC), K"
186,76,Ic1ccc(cc1)Oc1ccc(cc1)N1C(=O)c2c(C1=O)c(ccc2)Sc1cccc2c1C(=O)N(C2=O)I,561.0,9,"Tg (unknown method), K"
187,76,Ic1ccc(cc1)Oc1ccc(cc1)N1C(=O)c2c(C1=O)c(ccc2)Sc1cccc2c1C(=O)N(C2=O)I,496.0,11,"Tg, K  (calc)"
188,77,Ic1ccc(cc1)Oc1ccc(cc1)N1C(=O)c2c(C1=O)c(ccc2)Sc1ccc2c(c1)C(=O)N(C2=O)I,560.0,6,"Tg (DTMA), K"
189,77,Ic1ccc(cc1)Oc1ccc(cc1)N1C(=O)c2c(C1=O)c(ccc2)Sc1ccc2c(c1)C(=O)N(C2=O)I,542.0,7,"Tg (DSC), K"
190,77,Ic1ccc(cc1)Oc1ccc(cc1)N1C(=O)c2c(C1=O)c(ccc2)Sc1ccc2c(c1)C(=O)N(C2=O)I,496.0,11,"Tg, K  (calc)"
191,78,Ic1ccc(cc1)Oc1ccc(cc1)N1C(=O)c2c(C1=O)cc(cc2)Sc1ccc2c(c1)C(=O)N(C2=O)I,550.0,6,"Tg (DTMA), K"
192,78,Ic1ccc(cc1)Oc1ccc(cc1)N1C(=O)c2c(C1=O)cc(cc2)Sc1ccc2c(c1)C(=O)N(C2=O)I,536.0,7,"Tg (DSC), K"
193,78,Ic1ccc(cc1)Oc1ccc(cc1)N1C(=O)c2c(C1=O)cc(cc2)Sc1ccc2c(c1)C(=O)N(C2=O)I,531.0,7,"Tg (DSC), K"
194,78,Ic1ccc(cc1)Oc1ccc(cc1)N1C(=O)c2c(C1=O)cc(cc2)Sc1ccc2c(c1)C(=O)N(C2=O)I,540.0,9,"Tg (unknown method), K"
195,78,Ic1ccc(cc1)Oc1ccc(cc1)N1C(=O)c2c(C1=O)cc(cc2)Sc1ccc2c(c1)C(=O)N(C2=O)I,496.0,11,"Tg, K  (calc)"
196,79,Ic1ccc(cc1)Oc1ccc(cc1)Oc1ccc(cc1)N1C(=O)c2c(C1=O)c(ccc2)Sc1cccc2c1C(=O)N(C2=O)I,550.0,6,"Tg (DTMA), K"
197,79,Ic1ccc(cc1)Oc1ccc(cc1)Oc1ccc(cc1)N1C(=O)c2c(C1=O)c(ccc2)Sc1cccc2c1C(=O)N(C2=O)I,523.0,7,"Tg (DSC), K"
198,79,Ic1ccc(cc1)Oc1ccc(cc1)Oc1ccc(cc1)N1C(=O)c2c(C1=O)c(ccc2)Sc1cccc2c1C(=O)N(C2=O)I,474.0,11,"Tg, K  (calc)"
199,80,Ic1ccc(cc1)Oc1ccc(cc1)Oc1ccc(cc1)N1C(=O)c2c(C1=O)c(ccc2)Sc1ccc2c(c1)C(=O)N(C2=O)I,538.0,6,"Tg (DTMA), K"
200,80,Ic1ccc(cc1)Oc1ccc(cc1)Oc1ccc(cc1)N1C(=O)c2c(C1=O)c(ccc2)Sc1ccc2c(c1)C(=O)N(C2=O)I,515.0,7,"Tg (DSC), K"
201,80,Ic1ccc(cc1)Oc1ccc(cc1)Oc1ccc(cc1)N1C(=O)c2c(C1=O)c(ccc2)Sc1ccc2c(c1)C(=O)N(C2=O)I,474.0,11,"Tg, K  (calc)"
202,81,Ic1ccc(cc1)Oc1ccc(cc1)Oc1ccc(cc1)N1C(=O)c2c(C1=O)cc(cc2)Sc1ccc2c(c1)C(=O)N(C2=O)I,524.0,6,"Tg (DTMA), K"
203,81,Ic1ccc(cc1)Oc1ccc(cc1)Oc1ccc(cc1)N1C(=O)c2c(C1=O)cc(cc2)Sc1ccc2c(c1)C(=O)N(C2=O)I,507.0,7,"Tg (DSC), K"
204,81,Ic1ccc(cc1)Oc1ccc(cc1)Oc1ccc(cc1)N1C(=O)c2c(C1=O)cc(cc2)Sc1ccc2c(c1)C(=O)N(C2=O)I,474.0,11,"Tg, K  (calc)"
205,82,Cc1cc(ccc1N1C(=O)c2c(C1=O)c(ccc2)Sc1cccc2c1C(=O)N(C2=O)I)Cc1ccc(c(c1)C)I,573.0,6,"Tg (DTMA), K"
206,82,Cc1cc(ccc1N1C(=O)c2c(C1=O)c(ccc2)Sc1cccc2c1C(=O)N(C2=O)I)Cc1ccc(c(c1)C)I,547.0,7,"Tg (DSC), K"
207,82,Cc1cc(ccc1N1C(=O)c2c(C1=O)c(ccc2)Sc1cccc2c1C(=O)N(C2=O)I)Cc1ccc(c(c1)C)I,518.0,11,"Tg, K  (calc)"
208,83,Cc1cc(ccc1N1C(=O)c2c(C1=O)c(ccc2)Sc1ccc2c(c1)C(=O)N(C2=O)I)Cc1ccc(c(c1)C)I,570.0,6,"Tg (DTMA), K"
209,83,Cc1cc(ccc1N1C(=O)c2c(C1=O)c(ccc2)Sc1ccc2c(c1)C(=O)N(C2=O)I)Cc1ccc(c(c1)C)I,538.0,7,"Tg (DSC), K"
210,83,Cc1cc(ccc1N1C(=O)c2c(C1=O)c(ccc2)Sc1ccc2c(c1)C(=O)N(C2=O)I)Cc1ccc(c(c1)C)I,518.0,11,"Tg, K  (calc)"
211,84,O=C1N(C(=O)c2c1cc(cc2)Sc1ccc2c(c1)C(=O)N(C2=O)I)c1ccc(cc1C)Cc1ccc(c(c1)C)I,565.0,6,"Tg (DTMA), K"
212,84,O=C1N(C(=O)c2c1cc(cc2)Sc1ccc2c(c1)C(=O)N(C2=O)I)c1ccc(cc1C)Cc1ccc(c(c1)C)I,523.0,7,"Tg (DSC), K"
213,84,O=C1N(C(=O)c2c1cc(cc2)Sc1ccc2c(c1)C(=O)N(C2=O)I)c1ccc(cc1C)Cc1ccc(c(c1)C)I,518.0,11,"Tg, K  (calc)"
214,85,Ic1ccc(cc1)Oc1ccc(cc1)n1c(=O)c2c(c1=O)cc1c(c2)c(=O)n(c1=O)I,672.0,1,"Tg (TMA), K, (exp), Air, 300˚C"
215,85,Ic1ccc(cc1)Oc1ccc(cc1)n1c(=O)c2c(c1=O)cc1c(c2)c(=O)n(c1=O)I,634.0,5,"Tg (TBA), K, (exp),  N2 300 C"
216,85,Ic1ccc(cc1)Oc1ccc(cc1)n1c(=O)c2c(c1=O)cc1c(c2)c(=O)n(c1=O)I,673.0,7,"Tg (DSC), K"
217,85,Ic1ccc(cc1)Oc1ccc(cc1)n1c(=O)c2c(c1=O)cc1c(c2)c(=O)n(c1=O)I,693.0,7,"Tg (DSC), K"
218,85,Ic1ccc(cc1)Oc1ccc(cc1)n1c(=O)c2c(c1=O)cc1c(c2)c(=O)n(c1=O)I,572.0,7,"Tg (DSC), K"
219,85,Ic1ccc(cc1)Oc1ccc(cc1)n1c(=O)c2c(c1=O)cc1c(c2)c(=O)n(c1=O)I,693.0,9,"Tg (unknown method), K"
220,85,Ic1ccc(cc1)Oc1ccc(cc1)n1c(=O)c2c(c1=O)cc1c(c2)c(=O)n(c1=O)I,643.0,10,"Tsoft, K"
221,85,Ic1ccc(cc1)Oc1ccc(cc1)n1c(=O)c2c(c1=O)cc1c(c2)c(=O)n(c1=O)I,649.0,11,"Tg, K  (calc)"
222,90,Ic1ccc(cc1)C(=O)c1ccc(cc1)n1c(=O)c2c(c1=O)cc1c(c2)c(=O)n(c1=O)I,697.0,1,"Tg (TMA), K, (exp), Air, 300˚C"
223,90,Ic1ccc(cc1)C(=O)c1ccc(cc1)n1c(=O)c2c(c1=O)cc1c(c2)c(=O)n(c1=O)I,653.0,2,"Tg (TMA), K, (exp), Vacuum 300C"
224,90,Ic1ccc(cc1)C(=O)c1ccc(cc1)n1c(=O)c2c(c1=O)cc1c(c2)c(=O)n(c1=O)I,685.0,4,"Tg (TMA), K, (exp) unknown conditions"
225,90,Ic1ccc(cc1)C(=O)c1ccc(cc1)n1c(=O)c2c(c1=O)cc1c(c2)c(=O)n(c1=O)I,699.0,11,"Tg, K  (calc)"
226,91,Ic1cccc(c1)C(=O)c1cccc(c1)n1c(=O)c2c(c1=O)cc1c(c2)c(=O)n(c1=O)I,594.0,1,"Tg (TMA), K, (exp), Air, 300˚C"
227,91,Ic1cccc(c1)C(=O)c1cccc(c1)n1c(=O)c2c(c1=O)cc1c(c2)c(=O)n(c1=O)I,591.0,1,"Tg (TMA), K, (exp), Air, 300˚C"
228,91,Ic1cccc(c1)C(=O)c1cccc(c1)n1c(=O)c2c(c1=O)cc1c(c2)c(=O)n(c1=O)I,594.0,2,"Tg (TMA), K, (exp), Vacuum 300C"
229,91,Ic1cccc(c1)C(=O)c1cccc(c1)n1c(=O)c2c(c1=O)cc1c(c2)c(=O)n(c1=O)I,591.0,11,"Tg, K  (calc)"
230,93,Ic1ccc(cc1)Cc1ccc(cc1)n1c(=O)c2c(c1=O)cc1c(c2)c(=O)n(c1=O)I,613.0,1,"Tg (TMA), K, (exp), Air, 300˚C"
231,93,Ic1ccc(cc1)Cc1ccc(cc1)n1c(=O)c2c(c1=O)cc1c(c2)c(=O)n(c1=O)I,611.0,1,"Tg (TMA), K, (exp), Air, 300˚C"
232,93,Ic1ccc(cc1)Cc1ccc(cc1)n1c(=O)c2c(c1=O)cc1c(c2)c(=O)n(c1=O)I,629.0,2,"Tg (TMA), K, (exp), Vacuum 300C"
233,93,Ic1ccc(cc1)Cc1ccc(cc1)n1c(=O)c2c(c1=O)cc1c(c2)c(=O)n(c1=O)I,630.0,3,"Tg (TMA), K, (exp),  N2 300 C"
234,93,Ic1ccc(cc1)Cc1ccc(cc1)n1c(=O)c2c(c1=O)cc1c(c2)c(=O)n(c1=O)I,675.0,5,"Tg (TBA), K, (exp),  N2 300 C"
235,93,Ic1ccc(cc1)Cc1ccc(cc1)n1c(=O)c2c(c1=O)cc1c(c2)c(=O)n(c1=O)I,581.0,7,"Tg (DSC), K"
236,93,Ic1ccc(cc1)Cc1ccc(cc1)n1c(=O)c2c(c1=O)cc1c(c2)c(=O)n(c1=O)I,602.0,10,"Tsoft, K"
237,93,Ic1ccc(cc1)Cc1ccc(cc1)n1c(=O)c2c(c1=O)cc1c(c2)c(=O)n(c1=O)I,670.0,11,"Tg, K  (calc)"
238,95,Ic1cccc(c1)Cc1cccc(c1)n1c(=O)c2c(c1=O)cc1c(c2)c(=O)n(c1=O)I,581.0,1,"Tg (TMA), K, (exp), Air, 300˚C"
239,95,Ic1cccc(c1)Cc1cccc(c1)n1c(=O)c2c(c1=O)cc1c(c2)c(=O)n(c1=O)I,572.0,2,"Tg (TMA), K, (exp), Vacuum 300C"
240,95,Ic1cccc(c1)Cc1cccc(c1)n1c(=O)c2c(c1=O)cc1c(c2)c(=O)n(c1=O)I,618.0,5,"Tg (TBA), K, (exp),  N2 300 C"
241,95,Ic1cccc(c1)Cc1cccc(c1)n1c(=O)c2c(c1=O)cc1c(c2)c(=O)n(c1=O)I,570.0,11,"Tg, K  (calc)"
242,96,Ic1ccc(cc1)C(C(F)(F)F)(C(F)(F)F)c1ccc(cc1)n1c(=O)c2c(c1=O)cc1c(c2)c(=O)n(c1=O)I,618.0,7,"Tg (DSC), K"
243,96,Ic1ccc(cc1)C(C(F)(F)F)(C(F)(F)F)c1ccc(cc1)n1c(=O)c2c(c1=O)cc1c(c2)c(=O)n(c1=O)I,701.0,11,"Tg, K  (calc)"
244,97,Ic1cccc(c1)C(C(F)(F)F)(C(F)(F)F)c1cccc(c1)n1c(=O)c2c(c1=O)cc1c(c2)c(=O)n(c1=O)I,569.0,7,"Tg (DSC), K"
245,97,Ic1cccc(c1)C(C(F)(F)F)(C(F)(F)F)c1cccc(c1)n1c(=O)c2c(c1=O)cc1c(c2)c(=O)n(c1=O)I,608.0,11,"Tg, K  (calc)"
246,98,Ic1ccc(cc1)Oc1ccc(cc1)Oc1ccc(cc1)n1c(=O)c2c(c1=O)cc1c(c2)c(=O)n(c1=O)I,545.0,7,"Tg (DSC), K"
247,98,Ic1ccc(cc1)Oc1ccc(cc1)Oc1ccc(cc1)n1c(=O)c2c(c1=O)cc1c(c2)c(=O)n(c1=O)I,568.0,11,"Tg, K  (calc)"
248,99,Cc1cc(ccc1n1c(=O)c2c(c1=O)cc1c(c2)c(=O)n(c1=O)I)Cc1ccc(c(c1)C)I,547.0,7,"Tg (DSC), K"
249,99,Cc1cc(ccc1n1c(=O)c2c(c1=O)cc1c(c2)c(=O)n(c1=O)I)Cc1ccc(c(c1)C)I,671.0,11,"Tg, K  (calc)"
250,100,Ic1ccc2c(c1)Cc1c2ccc(c1)n1c(=O)c2c(c1=O)cc1c(c2)c(=O)n(c1=O)I,595.0,1,"Tg (TMA), K, (exp), Air, 300˚C"
251,100,Ic1ccc2c(c1)Cc1c2ccc(c1)n1c(=O)c2c(c1=O)cc1c(c2)c(=O)n(c1=O)I,684.0,11,"Tg, K  (calc)"
252,101,Ic1ccc(nc1)Sc1ccc(cn1)n1c(=O)c2c(c1=O)cc1c(c2)c(=O)n(c1=O)I,632.0,1,"Tg (TMA), K, (exp), Air, 300˚C"
253,101,Ic1ccc(nc1)Sc1ccc(cn1)n1c(=O)c2c(c1=O)cc1c(c2)c(=O)n(c1=O)I,575.0,11,"Tg, K  (calc)"
254,102,Ic1ccc(cc1)Sc1ccc(cc1)n1c(=O)c2c(c1=O)cc1c(c2)c(=O)n(c1=O)I,673.0,1,"Tg (TMA), K, (exp), Air, 300˚C"
255,102,Ic1ccc(cc1)Sc1ccc(cc1)n1c(=O)c2c(c1=O)cc1c(c2)c(=O)n(c1=O)I,615.0,11,"Tg, K  (calc)"
256,105,Ic1cc(cc(c1)C(=O)O)N1C(=O)c2c(C1=O)ccc(c2)Oc1ccc(cc1)Oc1ccc2c(c1)C(=O)N(C2=O)I,559.0,9,"Tg (unknown method), K"
257,105,Ic1cc(cc(c1)C(=O)O)N1C(=O)c2c(C1=O)ccc(c2)Oc1ccc(cc1)Oc1ccc2c(c1)C(=O)N(C2=O)I,515.0,11,"Tg, K  (calc)"
258,108,O=C1N(C(=O)c2c1cc(cc2)Oc1ccc2c(c1)C(=O)N(C2=O)I)c1ccc(cc1C)Cc1ccc(c(c1)C)I,545.0,9,"Tg (unknown method), K"
259,108,O=C1N(C(=O)c2c1cc(cc2)Oc1ccc2c(c1)C(=O)N(C2=O)I)c1ccc(cc1C)Cc1ccc(c(c1)C)I,533.0,11,"Tg, K  (calc)"
260,109,IN1C(=O)c2c(C1=O)cc(cc2)S(=O)(=O)c1ccc2c(c1)C(=O)N(C2=O)c1ccc(c(c1)I)C,563.0,7,"Tg (DSC), K"
261,109,IN1C(=O)c2c(C1=O)cc(cc2)S(=O)(=O)c1ccc2c(c1)C(=O)N(C2=O)c1ccc(c(c1)I)C,618.0,11,"Tg, K  (calc)"
262,111,Ic1ccc(c(c1)C)Cc1ccc(cc1C)N1C(=O)c2c(C1=O)cc(cc2)Oc1ccc2c(c1)C(=O)N(C2=O)I,542.0,9,"Tg (unknown method), K"
263,111,Ic1ccc(c(c1)C)Cc1ccc(cc1C)N1C(=O)c2c(C1=O)cc(cc2)Oc1ccc2c(c1)C(=O)N(C2=O)I,533.0,11,"Tg, K  (calc)"
264,112,Ic1ccc(cc1)Cc1ccc(cc1)N1C(=O)c2c(C1=O)cc(cc2)Oc1ccc2c(c1)C(=O)N(C2=O)I,537.0,7,"Tg (DSC), K"
265,112,Ic1ccc(cc1)Cc1ccc(cc1)N1C(=O)c2c(C1=O)cc(cc2)Oc1ccc2c(c1)C(=O)N(C2=O)I,535.0,9,"Tg (unknown method), K"
266,112,Ic1ccc(cc1)Cc1ccc(cc1)N1C(=O)c2c(C1=O)cc(cc2)Oc1ccc2c(c1)C(=O)N(C2=O)I,522.0,10,"Tsoft, K"
267,112,Ic1ccc(cc1)Cc1ccc(cc1)N1C(=O)c2c(C1=O)cc(cc2)Oc1ccc2c(c1)C(=O)N(C2=O)I,523.0,11,"Tg, K  (calc)"
268,113,O=C1c2ccc(cc2C(=O)N1c1c(C)cc(c(c1C)I)C)Oc1ccc2c(c1)C(=O)N(C2=O)I,638.0,9,"Tg (unknown method), K"
269,113,O=C1c2ccc(cc2C(=O)N1c1c(C)cc(c(c1C)I)C)Oc1ccc2c(c1)C(=O)N(C2=O)I,538.0,11,"Tg, K  (calc)"
270,115,IN1C(=O)c2c(C1=O)cc(cc2)Oc1ccc2c(c1)C(=O)N(C2=O)c1ccc(c(c1)I)C,551.0,9,"Tg (unknown method), K"
271,115,IN1C(=O)c2c(C1=O)cc(cc2)Oc1ccc2c(c1)C(=O)N(C2=O)c1ccc(c(c1)I)C,526.0,11,"Tg, K  (calc)"
272,116,O=C1c2ccc(cc2C(=O)N1c1c(C)cc(c(c1C)I)C)C(C(F)(F)F)(C(F)(F)F)c1ccc2c(c1)C(=O)N(C2=O)I,650.0,7,"Tg (DSC), K"
273,116,O=C1c2ccc(cc2C(=O)N1c1c(C)cc(c(c1C)I)C)C(C(F)(F)F)(C(F)(F)F)c1ccc2c(c1)C(=O)N(C2=O)I,649.0,7,"Tg (DSC), K"
274,116,O=C1c2ccc(cc2C(=O)N1c1c(C)cc(c(c1C)I)C)C(C(F)(F)F)(C(F)(F)F)c1ccc2c(c1)C(=O)N(C2=O)I,667.0,7,"Tg (DSC), K"
275,116,O=C1c2ccc(cc2C(=O)N1c1c(C)cc(c(c1C)I)C)C(C(F)(F)F)(C(F)(F)F)c1ccc2c(c1)C(=O)N(C2=O)I,656.0,7,"Tg (DSC), K"
276,116,O=C1c2ccc(cc2C(=O)N1c1c(C)cc(c(c1C)I)C)C(C(F)(F)F)(C(F)(F)F)c1ccc2c(c1)C(=O)N(C2=O)I,648.0,7,"Tg (DSC), K"
277,116,O=C1c2ccc(cc2C(=O)N1c1c(C)cc(c(c1C)I)C)C(C(F)(F)F)(C(F)(F)F)c1ccc2c(c1)C(=O)N(C2=O)I,658.0,7,"Tg (DSC), K"
278,116,O=C1c2ccc(cc2C(=O)N1c1c(C)cc(c(c1C)I)C)C(C(F)(F)F)(C(F)(F)F)c1ccc2c(c1)C(=O)N(C2=O)I,587.0,11,"Tg, K  (calc)"
279,117,IN1C(=O)c2c(C1=O)cc(cc2)C(C(F)(F)F)(C(F)(F)F)c1ccc2c(c1)C(=O)N(C2=O)c1cc(C)c(cc1C)I,628.0,7,"Tg (DSC), K"
280,117,IN1C(=O)c2c(C1=O)cc(cc2)C(C(F)(F)F)(C(F)(F)F)c1ccc2c(c1)C(=O)N(C2=O)c1cc(C)c(cc1C)I,604.0,7,"Tg (DSC), K"
281,117,IN1C(=O)c2c(C1=O)cc(cc2)C(C(F)(F)F)(C(F)(F)F)c1ccc2c(c1)C(=O)N(C2=O)c1cc(C)c(cc1C)I,620.0,11,"Tg, K  (calc)"
282,119,Ic1ccc(c(c1)N1C(=O)c2c(C1=O)cc(cc2)C(C(F)(F)F)(C(F)(F)F)c1ccc2c(c1)C(=O)N(C2=O)I)C,563.0,7,"Tg (DSC), K"
283,119,Ic1ccc(c(c1)N1C(=O)c2c(C1=O)cc(cc2)C(C(F)(F)F)(C(F)(F)F)c1ccc2c(c1)C(=O)N(C2=O)I)C,615.0,9,"Tg (unknown method), K"
284,119,Ic1ccc(c(c1)N1C(=O)c2c(C1=O)cc(cc2)C(C(F)(F)F)(C(F)(F)F)c1ccc2c(c1)C(=O)N(C2=O)I)C,580.0,11,"Tg, K  (calc)"
285,120,Ic1cc(cc(c1)C(F)(F)F)N1C(=O)c2c(C1=O)ccc(c2)C(=O)c1ccc2c(c1)C(=O)N(C2=O)I,545.0,7,"Tg (DSC), K"
286,120,Ic1cc(cc(c1)C(F)(F)F)N1C(=O)c2c(C1=O)ccc(c2)C(=O)c1ccc2c(c1)C(=O)N(C2=O)I,588.0,7,"Tg (DSC), K"
287,120,Ic1cc(cc(c1)C(F)(F)F)N1C(=O)c2c(C1=O)ccc(c2)C(=O)c1ccc2c(c1)C(=O)N(C2=O)I,554.0,11,"Tg, K  (calc)"
288,122,Ic1ccc(cc1)C(C(F)(F)F)(C(F)(F)F)c1ccc(cc1)N1C(=O)c2c(C1=O)cc(cc2)C(=O)c1ccc2c(c1)C(=O)N(C2=O)I,571.0,7,"Tg (DSC), K"
289,122,Ic1ccc(cc1)C(C(F)(F)F)(C(F)(F)F)c1ccc(cc1)N1C(=O)c2c(C1=O)cc(cc2)C(=O)c1ccc2c(c1)C(=O)N(C2=O)I,583.0,7,"Tg (DSC), K"
290,122,Ic1ccc(cc1)C(C(F)(F)F)(C(F)(F)F)c1ccc(cc1)N1C(=O)c2c(C1=O)cc(cc2)C(=O)c1ccc2c(c1)C(=O)N(C2=O)I,581.0,11,"Tg, K  (calc)"
291,124,Ic1ccc(cc1)C(C(F)(F)F)(C(F)(F)F)c1ccc(cc1)N1C(=O)c2c(C1=O)cc(cc2)C(C(F)(F)F)(C(F)(F)F)c1ccc2c(c1)C(=O)N(C2=O)I,577.0,4,"Tg (TMA), K, (exp) unknown conditions"
292,124,Ic1ccc(cc1)C(C(F)(F)F)(C(F)(F)F)c1ccc(cc1)N1C(=O)c2c(C1=O)cc(cc2)C(C(F)(F)F)(C(F)(F)F)c1ccc2c(c1)C(=O)N(C2=O)I,578.0,7,"Tg (DSC), K"
293,124,Ic1ccc(cc1)C(C(F)(F)F)(C(F)(F)F)c1ccc(cc1)N1C(=O)c2c(C1=O)cc(cc2)C(C(F)(F)F)(C(F)(F)F)c1ccc2c(c1)C(=O)N(C2=O)I,593.0,7,"Tg (DSC), K"
294,124,Ic1ccc(cc1)C(C(F)(F)F)(C(F)(F)F)c1ccc(cc1)N1C(=O)c2c(C1=O)cc(cc2)C(C(F)(F)F)(C(F)(F)F)c1ccc2c(c1)C(=O)N(C2=O)I,573.0,7,"Tg (DSC), K"
295,124,Ic1ccc(cc1)C(C(F)(F)F)(C(F)(F)F)c1ccc(cc1)N1C(=O)c2c(C1=O)cc(cc2)C(C(F)(F)F)(C(F)(F)F)c1ccc2c(c1)C(=O)N(C2=O)I,603.0,7,"Tg (DSC), K"
296,124,Ic1ccc(cc1)C(C(F)(F)F)(C(F)(F)F)c1ccc(cc1)N1C(=O)c2c(C1=O)cc(cc2)C(C(F)(F)F)(C(F)(F)F)c1ccc2c(c1)C(=O)N(C2=O)I,595.0,11,"Tg, K  (calc)"
297,125,Ic1cccc(c1)C(C(F)(F)F)(C(F)(F)F)c1cccc(c1)N1C(=O)c2c(C1=O)ccc(c2)C(C(F)(F)F)(C(F)(F)F)c1ccc2c(c1)C(=O)N(C2=O)I,527.0,7,"Tg (DSC), K"
298,125,Ic1cccc(c1)C(C(F)(F)F)(C(F)(F)F)c1cccc(c1)N1C(=O)c2c(C1=O)ccc(c2)C(C(F)(F)F)(C(F)(F)F)c1ccc2c(c1)C(=O)N(C2=O)I,545.0,11,"Tg, K  (calc)"
299,126,Ic1ccc(cc1)Cc1ccc(cc1)N1C(=O)c2c(C1=O)cc(cc2)Oc1ccc(cc1)C(c1ccc(cc1)Oc1ccc2c(c1)C(=O)N(C2=O)I)(C)C,490.0,7,"Tg (DSC), K"
300,126,Ic1ccc(cc1)Cc1ccc(cc1)N1C(=O)c2c(C1=O)cc(cc2)Oc1ccc(cc1)C(c1ccc(cc1)Oc1ccc2c(c1)C(=O)N(C2=O)I)(C)C,491.0,11,"Tg, K  (calc)"
301,128,Ic1ccc(cc1)Cc1ccc(cc1)N1C(=O)c2c(C1=O)cc(cc2)Sc1ccc2c(c1)C(=O)N(C2=O)I,538.0,7,"Tg (DSC), K"
302,128,Ic1ccc(cc1)Cc1ccc(cc1)N1C(=O)c2c(C1=O)cc(cc2)Sc1ccc2c(c1)C(=O)N(C2=O)I,508.0,11,"Tg, K  (calc)"
303,129,Ic1ccc(cc1)Cc1ccc(cc1)N1C(=O)c2c(C1=O)cc(cc2)S(=O)(=O)c1ccc2c(c1)C(=O)N(C2=O)I,577.0,7,"Tg (DSC), K"
304,129,Ic1ccc(cc1)Cc1ccc(cc1)N1C(=O)c2c(C1=O)cc(cc2)S(=O)(=O)c1ccc2c(c1)C(=O)N(C2=O)I,596.0,11,"Tg, K  (calc)"
305,130,Ic1ccc(cc1)Cc1ccc(cc1)N1C(=O)c2c(C1=O)cc(cc2)Oc1ccc(cc1)Oc1ccc2c(c1)C(=O)N(C2=O)I,532.0,7,"Tg (DSC), K"
306,130,Ic1ccc(cc1)Cc1ccc(cc1)N1C(=O)c2c(C1=O)cc(cc2)Oc1ccc(cc1)Oc1ccc2c(c1)C(=O)N(C2=O)I,493.0,11,"Tg, K  (calc)"
307,132,Clc1cc(I)cc(c1)N1C(=O)c2c(C1=O)ccc(c2)C(C(F)(F)F)(C(F)(F)F)c1ccc2c(c1)C(=O)N(C2=O)I,550.0,7,"Tg (DSC), K"
308,132,Clc1cc(I)cc(c1)N1C(=O)c2c(C1=O)ccc(c2)C(C(F)(F)F)(C(F)(F)F)c1ccc2c(c1)C(=O)N(C2=O)I,565.0,11,"Tg, K  (calc)"
309,134,Ic1ccc(cc1)Oc1ccc(cc1)N1C(=O)c2c(C1=O)cc(cc2)c1ccc2c(c1)C(=O)N(C2=O)I,543.0,4,"Tg (TMA), K, (exp) unknown conditions"
310,134,Ic1ccc(cc1)Oc1ccc(cc1)N1C(=O)c2c(C1=O)cc(cc2)c1ccc2c(c1)C(=O)N(C2=O)I,543.0,7,"Tg (DSC), K"
311,134,Ic1ccc(cc1)Oc1ccc(cc1)N1C(=O)c2c(C1=O)cc(cc2)c1ccc2c(c1)C(=O)N(C2=O)I,543.0,7,"Tg (DSC), K"
312,134,Ic1ccc(cc1)Oc1ccc(cc1)N1C(=O)c2c(C1=O)cc(cc2)c1ccc2c(c1)C(=O)N(C2=O)I,563.0,7,"Tg (DSC), K"
313,134,Ic1ccc(cc1)Oc1ccc(cc1)N1C(=O)c2c(C1=O)cc(cc2)c1ccc2c(c1)C(=O)N(C2=O)I,543.0,9,"Tg (unknown method), K"
314,134,Ic1ccc(cc1)Oc1ccc(cc1)N1C(=O)c2c(C1=O)cc(cc2)c1ccc2c(c1)C(=O)N(C2=O)I,543.0,9,"Tg (unknown method), K"
315,134,Ic1ccc(cc1)Oc1ccc(cc1)N1C(=O)c2c(C1=O)cc(cc2)c1ccc2c(c1)C(=O)N(C2=O)I,543.0,9,"Tg (unknown method), K"
316,134,Ic1ccc(cc1)Oc1ccc(cc1)N1C(=O)c2c(C1=O)cc(cc2)c1ccc2c(c1)C(=O)N(C2=O)I,543.0,9,"Tg (unknown method), K"
317,134,Ic1ccc(cc1)Oc1ccc(cc1)N1C(=O)c2c(C1=O)cc(cc2)c1ccc2c(c1)C(=O)N(C2=O)I,633.0,10,"Tsoft, K"
318,134,Ic1ccc(cc1)Oc1ccc(cc1)N1C(=O)c2c(C1=O)cc(cc2)c1ccc2c(c1)C(=O)N(C2=O)I,560.0,11,"Tg, K  (calc)"
319,136,Ic1cccc(c1)S(=O)(=O)c1cccc(c1)N1C(=O)c2c(C1=O)ccc(c2)C(C(F)(F)F)(C(F)(F)F)c1ccc2c(c1)C(=O)N(C2=O)I,525.0,7,"Tg (DSC), K"
320,136,Ic1cccc(c1)S(=O)(=O)c1cccc(c1)N1C(=O)c2c(C1=O)ccc(c2)C(C(F)(F)F)(C(F)(F)F)c1ccc2c(c1)C(=O)N(C2=O)I,538.0,7,"Tg (DSC), K"
321,136,Ic1cccc(c1)S(=O)(=O)c1cccc(c1)N1C(=O)c2c(C1=O)ccc(c2)C(C(F)(F)F)(C(F)(F)F)c1ccc2c(c1)C(=O)N(C2=O)I,527.0,7,"Tg (DSC), K"
322,136,Ic1cccc(c1)S(=O)(=O)c1cccc(c1)N1C(=O)c2c(C1=O)ccc(c2)C(C(F)(F)F)(C(F)(F)F)c1ccc2c(c1)C(=O)N(C2=O)I,564.0,11,"Tg, K  (calc)"
323,138,Ic1ccc(cc1)C1(c2ccc(cc2)N2C(=O)c3c(C2=O)cc(cc3)c2ccc3c(c2)C(=O)N(C3=O)I)c2ccccc2c2c1cccc2,765.0,4,"Tg (TMA), K, (exp) unknown conditions"
324,138,Ic1ccc(cc1)C1(c2ccc(cc2)N2C(=O)c3c(C2=O)cc(cc3)c2ccc3c(c2)C(=O)N(C3=O)I)c2ccccc2c2c1cccc2,641.0,11,"Tg, K  (calc)"
325,144,Ic1ccc(cc1)C(C(F)(F)F)(C(F)(F)F)c1ccc(cc1)N1C(=O)c2c(C1=O)ccc(c2)C(=O)c1cccc(c1)C(=O)c1ccc2c(c1)C(=O)N(C2=O)I,530.0,7,"Tg (DSC), K"
326,144,Ic1ccc(cc1)C(C(F)(F)F)(C(F)(F)F)c1ccc(cc1)N1C(=O)c2c(C1=O)ccc(c2)C(=O)c1cccc(c1)C(=O)c1ccc2c(c1)C(=O)N(C2=O)I,539.0,11,"Tg, K  (calc)"
327,152,Ic1cccc(c1)Oc1cccc(c1)Oc1cccc(c1)N1C(=O)c2c(C1=O)cc(cc2)C(C(F)(F)F)(C(F)(F)F)c1ccc2c(c1)C(=O)N(C2=O)I,520.0,6,"Tg (DTMA), K"
328,152,Ic1cccc(c1)Oc1cccc(c1)Oc1cccc(c1)N1C(=O)c2c(C1=O)cc(cc2)C(C(F)(F)F)(C(F)(F)F)c1ccc2c(c1)C(=O)N(C2=O)I,467.0,11,"Tg, K  (calc)"
329,161,O=C1c2ccc(cc2C(=O)N1c1c(C)cc(c(c1C)I)C)c1ccc2c(c1)C(=O)N(C2=O)I,658.0,7,"Tg (DSC), K"
330,161,O=C1c2ccc(cc2C(=O)N1c1c(C)cc(c(c1C)I)C)c1ccc2c(c1)C(=O)N(C2=O)I,599.0,11,"Tg, K  (calc)"
331,162,O=C1c2cc(ccc2C(=O)N1c1cc2c(cc1C)c1c(S2(=O)=O)cc(c(c1)C)I)c1ccc2c(c1)C(=O)N(C2=O)I,763.0,7,"Tg (DSC), K"
332,162,O=C1c2cc(ccc2C(=O)N1c1cc2c(cc1C)c1c(S2(=O)=O)cc(c(c1)C)I)c1ccc2c(c1)C(=O)N(C2=O)I,656.0,11,"Tg, K  (calc)"
333,163,Ic1ccc(cc1)Oc1cccc(c1)Oc1ccc(cc1)N1C(=O)c2c(C1=O)cc(cc2)C(C(F)(F)F)(C(F)(F)F)c1ccc2c(c1)C(=O)N(C2=O)I,515.0,4,"Tg (TMA), K, (exp) unknown conditions"
334,163,Ic1ccc(cc1)Oc1cccc(c1)Oc1ccc(cc1)N1C(=O)c2c(C1=O)cc(cc2)C(C(F)(F)F)(C(F)(F)F)c1ccc2c(c1)C(=O)N(C2=O)I,502.0,4,"Tg (TMA), K, (exp) unknown conditions"
335,163,Ic1ccc(cc1)Oc1cccc(c1)Oc1ccc(cc1)N1C(=O)c2c(C1=O)cc(cc2)C(C(F)(F)F)(C(F)(F)F)c1ccc2c(c1)C(=O)N(C2=O)I,502.0,11,"Tg, K  (calc)"
336,164,FC(C(C(F)(F)F)(c1ccc2c(c1)C(=O)N(C2=O)I)c1ccc2c(c1)C(=O)N(C2=O)c1ccc(cc1)Oc1ccc(cc1)c1ccc(cc1)Oc1ccc(cc1)I)(F)F,569.0,4,"Tg (TMA), K, (exp) unknown conditions"
337,164,FC(C(C(F)(F)F)(c1ccc2c(c1)C(=O)N(C2=O)I)c1ccc2c(c1)C(=O)N(C2=O)c1ccc(cc1)Oc1ccc(cc1)c1ccc(cc1)Oc1ccc(cc1)I)(F)F,526.0,11,"Tg, K  (calc)"
338,170,Ic1ccc(cc1)Cc1ccc(cc1)N1C(=O)c2c(C1=O)cc(cc2)c1ccc2c(c1)C(=O)N(C2=O)I,565.0,7,"Tg (DSC), K"
339,170,Ic1ccc(cc1)Cc1ccc(cc1)N1C(=O)c2c(C1=O)cc(cc2)c1ccc2c(c1)C(=O)N(C2=O)I,581.0,7,"Tg (DSC), K"
340,170,Ic1ccc(cc1)Cc1ccc(cc1)N1C(=O)c2c(C1=O)cc(cc2)c1ccc2c(c1)C(=O)N(C2=O)I,573.0,9,"Tg (unknown method), K"
341,170,Ic1ccc(cc1)Cc1ccc(cc1)N1C(=O)c2c(C1=O)cc(cc2)c1ccc2c(c1)C(=O)N(C2=O)I,573.0,11,"Tg, K  (calc)"
342,172,Ic1cccc(c1)S(=O)(=O)c1cccc(c1)N1C(=O)c2c(C1=O)ccc(c2)c1ccc2c(c1)C(=O)N(C2=O)I,598.0,7,"Tg (DSC), K"
343,172,Ic1cccc(c1)S(=O)(=O)c1cccc(c1)N1C(=O)c2c(C1=O)ccc(c2)c1ccc2c(c1)C(=O)N(C2=O)I,533.0,9,"Tg (unknown method), K"
344,172,Ic1cccc(c1)S(=O)(=O)c1cccc(c1)N1C(=O)c2c(C1=O)ccc(c2)c1ccc2c(c1)C(=O)N(C2=O)I,569.0,11,"Tg, K  (calc)"
345,173,Ic1cc(C)c(c(c1)C)c1c(C)cc(cc1C)N1C(=O)c2c(C1=O)ccc(c2)C(C(F)(F)F)(C(F)(F)F)c1ccc2c(c1)C(=O)N(C2=O)I,619.0,9,"Tg (unknown method), K"
346,173,Ic1cc(C)c(c(c1)C)c1c(C)cc(cc1C)N1C(=O)c2c(C1=O)ccc(c2)C(C(F)(F)F)(C(F)(F)F)c1ccc2c(c1)C(=O)N(C2=O)I,614.0,11,"Tg, K  (calc)"
347,177,Ic1ccc(cc1)Sc1ccc(cc1)N1C(=O)c2c(C1=O)cc(cc2)c1ccc2c(c1)C(=O)N(C2=O)I,563.0,7,"Tg (DSC), K"
348,177,Ic1ccc(cc1)Sc1ccc(cc1)N1C(=O)c2c(C1=O)cc(cc2)c1ccc2c(c1)C(=O)N(C2=O)I,541.0,11,"Tg, K  (calc)"
349,180,Ic1cccc(c1)N1C(=O)c2c(C1=O)cc(cc2)Oc1ccc(cc1)C(c1ccc(cc1)Oc1ccc2c(c1)C(=O)N(C2=O)I)(C)C,493.0,6,"Tg (DTMA), K"
350,180,Ic1cccc(c1)N1C(=O)c2c(C1=O)cc(cc2)Oc1ccc(cc1)C(c1ccc(cc1)Oc1ccc2c(c1)C(=O)N(C2=O)I)(C)C,491.0,7,"Tg (DSC), K"
351,180,Ic1cccc(c1)N1C(=O)c2c(C1=O)cc(cc2)Oc1ccc(cc1)C(c1ccc(cc1)Oc1ccc2c(c1)C(=O)N(C2=O)I)(C)C,484.0,11,"Tg, K  (calc)"
352,181,Ic1cccc(c1)C(C(F)(F)F)(C(F)(F)F)c1cccc(c1)N1C(=O)c2c(C1=O)ccc(c2)C(=O)c1ccc2c(c1)C(=O)N(C2=O)I,520.0,7,"Tg (DSC), K"
353,181,Ic1cccc(c1)C(C(F)(F)F)(C(F)(F)F)c1cccc(c1)N1C(=O)c2c(C1=O)ccc(c2)C(=O)c1ccc2c(c1)C(=O)N(C2=O)I,528.0,11,"Tg, K  (calc)"
354,182,Ic1ccc(cc1)C(c1ccc(cc1)N1C(=O)c2c(C1=O)cc(cc2)C(C(F)(F)F)(C(F)(F)F)c1ccc2c(c1)C(=O)N(C2=O)I)(C)C,568.0,4,"Tg (TMA), K, (exp) unknown conditions"
355,182,Ic1ccc(cc1)C(c1ccc(cc1)N1C(=O)c2c(C1=O)cc(cc2)C(C(F)(F)F)(C(F)(F)F)c1ccc2c(c1)C(=O)N(C2=O)I)(C)C,583.0,7,"Tg (DSC), K"
356,182,Ic1ccc(cc1)C(c1ccc(cc1)N1C(=O)c2c(C1=O)cc(cc2)C(C(F)(F)F)(C(F)(F)F)c1ccc2c(c1)C(=O)N(C2=O)I)(C)C,575.0,11,"Tg, K  (calc)"
357,183,Ic1cccc(c1)Oc1cccc(c1)n1c(=O)c2c(c1=O)cc1c(c2)c(=O)n(c1=O)I,560.0,7,"Tg (DSC), K"
358,183,Ic1cccc(c1)Oc1cccc(c1)n1c(=O)c2c(c1=O)cc1c(c2)c(=O)n(c1=O)I,553.0,11,"Tg, K  (calc)"
359,185,Cc1cc(ccc1N1C(=O)c2c(C1=O)cc(cc2)c1ccc2c(c1)C(=O)N(C2=O)I)Cc1ccc(c(c1)C)I,590.0,6,"Tg (DTMA), K"
360,185,Cc1cc(ccc1N1C(=O)c2c(C1=O)cc(cc2)c1ccc2c(c1)C(=O)N(C2=O)I)Cc1ccc(c(c1)C)I,581.0,11,"Tg, K  (calc)"
361,186,Clc1cc(ccc1N1C(=O)c2c(C1=O)cc(cc2)c1ccc2c(c1)C(=O)N(C2=O)I)Cc1ccc(c(c1)Cl)I,581.0,6,"Tg (DTMA), K"
362,186,Clc1cc(ccc1N1C(=O)c2c(C1=O)cc(cc2)c1ccc2c(c1)C(=O)N(C2=O)I)Cc1ccc(c(c1)Cl)I,553.0,11,"Tg, K  (calc)"
363,188,O=C1N(C(=O)c2c1cc(cc2)C(C(F)(F)F)(C(F)(F)F)c1ccc2c(c1)C(=O)N(C2=O)I)c1ccc(cc1Cl)Cc1ccc(c(c1)Cl)I,563.0,6,"Tg (DTMA), K"
364,188,O=C1N(C(=O)c2c1cc(cc2)C(C(F)(F)F)(C(F)(F)F)c1ccc2c(c1)C(=O)N(C2=O)I)c1ccc(cc1Cl)Cc1ccc(c(c1)Cl)I,551.0,11,"Tg, K  (calc)"
365,189,IN1C(=O)c2c(C1=O)cc(cc2)C(c1ccc2c(c1)C(=O)N(C2=O)c1cc(ccc1C)C(C(F)(F)F)(C(F)(F)F)c1ccc(c(c1)I)C)(C(F)(F)F)C(F)(F)F,539.0,4,"Tg (TMA), K, (exp) unknown conditions"
366,189,IN1C(=O)c2c(C1=O)cc(cc2)C(c1ccc2c(c1)C(=O)N(C2=O)c1cc(ccc1C)C(C(F)(F)F)(C(F)(F)F)c1ccc(c(c1)I)C)(C(F)(F)F)C(F)(F)F,551.0,11,"Tg, K  (calc)"
367,191,IN1C(=O)c2c(C1=O)cc(cc2)C(=O)c1ccc2c(c1)C(=O)N(C2=O)c1ccc(c(c1)I)C,587.5,7,"Tg (DSC), K"
368,191,IN1C(=O)c2c(C1=O)cc(cc2)C(=O)c1ccc2c(c1)C(=O)N(C2=O)c1ccc(c(c1)I)C,560.0,11,"Tg, K  (calc)"
369,195,Ic1ccc(c(c1)Cl)Cc1ccc(cc1Cl)N1C(=O)c2c(C1=O)cc(cc2)c1ccc2c(c1)C(=O)N(C2=O)I,562.0,6,"Tg (DTMA), K"
370,195,Ic1ccc(c(c1)Cl)Cc1ccc(cc1Cl)N1C(=O)c2c(C1=O)cc(cc2)c1ccc2c(c1)C(=O)N(C2=O)I,553.0,11,"Tg, K  (calc)"
371,196,O=C1N(C(=O)c2c1cc(cc2)C(C(F)(F)F)(C(F)(F)F)c1ccc2c(c1)C(=O)N(C2=O)I)c1c(C)cc(cc1C)Cc1cc(C)c(c(c1)C)I,579.0,6,"Tg (DTMA), K"
372,196,O=C1N(C(=O)c2c1cc(cc2)C(C(F)(F)F)(C(F)(F)F)c1ccc2c(c1)C(=O)N(C2=O)I)c1c(C)cc(cc1C)Cc1cc(C)c(c(c1)C)I,579.0,11,"Tg, K  (calc)"
373,197,Ic1ccc(cc1)S(=O)(=O)c1ccc(cc1)S(=O)(=O)c1ccc(cc1)N1C(=O)c2c(C1=O)cc(cc2)C(C(F)(F)F)(C(F)(F)F)c1ccc2c(c1)C(=O)N(C2=O)I,604.0,8,"Tg (Dilatometry), K"
374,197,Ic1ccc(cc1)S(=O)(=O)c1ccc(cc1)S(=O)(=O)c1ccc(cc1)N1C(=O)c2c(C1=O)cc(cc2)C(C(F)(F)F)(C(F)(F)F)c1ccc2c(c1)C(=O)N(C2=O)I,631.0,11,"Tg, K  (calc)"
375,200,O=C1N(C(=O)c2c1cc(cc2)c1ccc2c(c1)C(=O)N(C2=O)I)c1c(C)cc(cc1C)Cc1cc(C)c(c(c1)C)I,592.0,6,"Tg (DTMA), K"
376,200,O=C1N(C(=O)c2c1cc(cc2)c1ccc2c(c1)C(=O)N(C2=O)I)c1c(C)cc(cc1C)Cc1cc(C)c(c(c1)C)I,587.0,11,"Tg, K  (calc)"
377,209,Ic1ccc(cc1)Oc1ccc2c(c1)cc(cc2)Oc1ccc(cc1)N1C(=O)c2c(C1=O)ccc(c2)Oc1ccc(cc1)C(c1ccc(cc1)Oc1ccc2c(c1)C(=O)N(C2=O)I)(C)C,481.0,7,"Tg (DSC), K"
378,209,Ic1ccc(cc1)Oc1ccc2c(c1)cc(cc2)Oc1ccc(cc1)N1C(=O)c2c(C1=O)ccc(c2)Oc1ccc(cc1)C(c1ccc(cc1)Oc1ccc2c(c1)C(=O)N(C2=O)I)(C)C,467.0,11,"Tg, K  (calc)"
379,210,Ic1ccc(cc1)Oc1ccc2c(c1)cc(cc2)Oc1ccc(cc1)N1C(=O)c2c(C1=O)cc(cc2)C(C(F)(F)F)(C(F)(F)F)c1ccc2c(c1)C(=O)N(C2=O)I,537.0,7,"Tg (DSC), K"
380,210,Ic1ccc(cc1)Oc1ccc2c(c1)cc(cc2)Oc1ccc(cc1)N1C(=O)c2c(C1=O)cc(cc2)C(C(F)(F)F)(C(F)(F)F)c1ccc2c(c1)C(=O)N(C2=O)I,513.0,11,"Tg, K  (calc)"
381,212,Ic1ccc(cc1)Oc1ccc2c(c1)cc(cc2)Oc1ccc(cc1)N1C(=O)c2c(C1=O)ccc(c2)Oc1ccc(cc1)C(C(F)(F)F)(C(F)(F)F)c1ccc(cc1)Oc1ccc2c(c1)C(=O)N(C2=O)I,484.0,7,"Tg (DSC), K"
382,212,Ic1ccc(cc1)Oc1ccc2c(c1)cc(cc2)Oc1ccc(cc1)N1C(=O)c2c(C1=O)ccc(c2)Oc1ccc(cc1)C(C(F)(F)F)(C(F)(F)F)c1ccc(cc1)Oc1ccc2c(c1)C(=O)N(C2=O)I,480.0,11,"Tg, K  (calc)"
383,213,Ic1ccc(cc1)Oc1ccc2c(c1)cc(cc2)Oc1ccc(cc1)N1C(=O)c2c(C1=O)cc(cc2)C(=O)c1ccc2c(c1)C(=O)N(C2=O)I,525.0,7,"Tg (DSC), K"
384,213,Ic1ccc(cc1)Oc1ccc2c(c1)cc(cc2)Oc1ccc(cc1)N1C(=O)c2c(C1=O)cc(cc2)C(=O)c1ccc2c(c1)C(=O)N(C2=O)I,497.0,11,"Tg, K  (calc)"
385,214,IN1C(=O)c2c(C1=O)cc(cc2)Oc1ccc(cc1)C(c1ccc(cc1)Oc1ccc2c(c1)C(=O)N(C2=O)c1ccc(cc1C)Cc1ccc(c(c1)C)I)(C)C,499.0,7,"Tg (DSC), K"
386,214,IN1C(=O)c2c(C1=O)cc(cc2)Oc1ccc(cc1)C(c1ccc(cc1)Oc1ccc2c(c1)C(=O)N(C2=O)c1ccc(cc1C)Cc1ccc(c(c1)C)I)(C)C,498.0,11,"Tg, K  (calc)"
387,215,O=C(c1ccc2c(c1)C(=O)N(C2=O)I)c1ccc2c(c1)C(=O)N(C2=O)c1ccc(cc1C)Cc1ccc(c(c1)C)I,546.0,7,"Tg (DSC), K"
388,215,O=C(c1ccc2c(c1)C(=O)N(C2=O)I)c1ccc2c(c1)C(=O)N(C2=O)c1ccc(cc1C)Cc1ccc(c(c1)C)I,558.0,11,"Tg, K  (calc)"
389,220,IN1C(=O)c2c(C1=O)cc(cc2)c1ccc2c(c1)C(=O)N(C2=O)c1ccc(c(c1)I)C,668.0,7,"Tg (DSC), K"
390,220,IN1C(=O)c2c(C1=O)cc(cc2)c1ccc2c(c1)C(=O)N(C2=O)c1ccc(c(c1)I)C,591.0,11,"Tg, K  (calc)"
391,221,O=C(c1ccc2c(c1)C(=O)N(C2=O)I)c1ccc2c(c1)C(=O)N(C2=O)c1c(C)cc(c(c1C)I)C,670.0,7,"Tg (DSC), K"
392,221,O=C(c1ccc2c(c1)C(=O)N(C2=O)I)c1ccc2c(c1)C(=O)N(C2=O)c1c(C)cc(c(c1C)I)C,569.0,11,"Tg, K  (calc)"
393,222,O=C1N(C(=O)c2c1cc(cc2)C(C(F)(F)F)(C(F)(F)F)c1ccc2c(c1)C(=O)N(C2=O)I)c1ccc(cc1C)Cc1ccc(c(c1)C)I,561.0,6,"Tg (DTMA), K"
394,222,O=C1N(C(=O)c2c1cc(cc2)C(C(F)(F)F)(C(F)(F)F)c1ccc2c(c1)C(=O)N(C2=O)I)c1ccc(cc1C)Cc1ccc(c(c1)C)I,559.0,7,"Tg (DSC), K"
395,222,O=C1N(C(=O)c2c1cc(cc2)C(C(F)(F)F)(C(F)(F)F)c1ccc2c(c1)C(=O)N(C2=O)I)c1ccc(cc1C)Cc1ccc(c(c1)C)I,574.0,11,"Tg, K  (calc)"
396,223,IN1C(=O)c2c(C1=O)cc(cc2)C(C(F)(F)F)(C(F)(F)F)c1ccc2c(c1)C(=O)N(C2=O)c1cccc(c1C)I,608.0,7,"Tg (DSC), K"
397,223,IN1C(=O)c2c(C1=O)cc(cc2)C(C(F)(F)F)(C(F)(F)F)c1ccc2c(c1)C(=O)N(C2=O)c1cccc(c1C)I,645.0,9,"Tg (unknown method), K"
398,223,IN1C(=O)c2c(C1=O)cc(cc2)C(C(F)(F)F)(C(F)(F)F)c1ccc2c(c1)C(=O)N(C2=O)c1cccc(c1C)I,580.0,11,"Tg, K  (calc)"
399,224,Ic1cc(cc(c1)C(F)(F)F)N1C(=O)c2c(C1=O)ccc(c2)C(C(F)(F)F)(C(F)(F)F)c1ccc2c(c1)C(=O)N(C2=O)I,557.0,9,"Tg (unknown method), K"
400,224,Ic1cc(cc(c1)C(F)(F)F)N1C(=O)c2c(C1=O)ccc(c2)C(C(F)(F)F)(C(F)(F)F)c1ccc2c(c1)C(=O)N(C2=O)I,574.0,11,"Tg, K  (calc)"
401,225,Ic1ccc2c(c1)Cc1c2ccc(c1)N1C(=O)c2c(C1=O)ccc(c2)C(C(F)(F)F)(C(F)(F)F)c1ccc2c(c1)C(=O)N(C2=O)I,667.0,7,"Tg (DSC), K"
402,225,Ic1ccc2c(c1)Cc1c2ccc(c1)N1C(=O)c2c(C1=O)ccc(c2)C(C(F)(F)F)(C(F)(F)F)c1ccc2c(c1)C(=O)N(C2=O)I,671.0,7,"Tg (DSC), K"
403,225,Ic1ccc2c(c1)Cc1c2ccc(c1)N1C(=O)c2c(C1=O)ccc(c2)C(C(F)(F)F)(C(F)(F)F)c1ccc2c(c1)C(=O)N(C2=O)I,572.0,11,"Tg, K  (calc)"
404,233,Ic1ccc(cc1)Oc1ccc(cc1)N1C(=O)c2c(C1=O)cc(cc2)S(=O)(=O)c1ccc2c(c1)C(=O)N(C2=O)I,568.0,7,"Tg (DSC), K"
405,233,Ic1ccc(cc1)Oc1ccc(cc1)N1C(=O)c2c(C1=O)cc(cc2)S(=O)(=O)c1ccc2c(c1)C(=O)N(C2=O)I,613.0,10,"Tsoft, K"
406,233,Ic1ccc(cc1)Oc1ccc(cc1)N1C(=O)c2c(C1=O)cc(cc2)S(=O)(=O)c1ccc2c(c1)C(=O)N(C2=O)I,582.0,11,"Tg, K  (calc)"
407,235,Ic1ccc(cc1)Oc1ccc(cc1)N1C(=O)c2c(C1=O)cc(cc2)Oc1ccc(cc1)C(c1ccc(cc1)Oc1ccc2c(c1)C(=O)N(C2=O)I)(C)C,488.0,7,"Tg (DSC), K"
408,235,Ic1ccc(cc1)Oc1ccc(cc1)N1C(=O)c2c(C1=O)cc(cc2)Oc1ccc(cc1)C(c1ccc(cc1)Oc1ccc2c(c1)C(=O)N(C2=O)I)(C)C,483.0,11,"Tg, K  (calc)"
409,239,O=C1c2cc(ccc2C(=O)N1c1ccc(c(c1Cl)Cl)Cc1ccc(c(c1Cl)Cl)I)c1ccc2c(c1)C(=O)N(C2=O)I,577.0,7,"Tg (DSC), K"
410,239,O=C1c2cc(ccc2C(=O)N1c1ccc(c(c1Cl)Cl)Cc1ccc(c(c1Cl)Cl)I)c1ccc2c(c1)C(=O)N(C2=O)I,619.0,11,"Tg, K  (calc)"
411,240,Ic1ccc2c(c1)c1cc(ccc1C2(C)C)N1C(=O)c2c(C1=O)cc(cc2)C(=O)c1ccc2c(c1)C(=O)N(C2=O)I,643.0,9,"Tg (unknown method), K"
412,240,Ic1ccc2c(c1)c1cc(ccc1C2(C)C)N1C(=O)c2c(C1=O)cc(cc2)C(=O)c1ccc2c(c1)C(=O)N(C2=O)I,564.0,11,"Tg, K  (calc)"
413,242,Ic1ccc(cc1)C1(c2ccc(cc2)N2C(=O)c3c(C2=O)cc(cc3)C(C(F)(F)F)(C(F)(F)F)c2ccc3c(c2)C(=O)N(C3=O)I)c2ccccc2c2c1cccc2,681.0,4,"Tg (TMA), K, (exp) unknown conditions"
414,242,Ic1ccc(cc1)C1(c2ccc(cc2)N2C(=O)c3c(C2=O)cc(cc3)C(C(F)(F)F)(C(F)(F)F)c2ccc3c(c2)C(=O)N(C3=O)I)c2ccccc2c2c1cccc2,631.0,7,"Tg (DSC), K"
415,242,Ic1ccc(cc1)C1(c2ccc(cc2)N2C(=O)c3c(C2=O)cc(cc3)C(C(F)(F)F)(C(F)(F)F)c2ccc3c(c2)C(=O)N(C3=O)I)c2ccccc2c2c1cccc2,648.0,7,"Tg (DSC), K"
416,242,Ic1ccc(cc1)C1(c2ccc(cc2)N2C(=O)c3c(C2=O)cc(cc3)C(C(F)(F)F)(C(F)(F)F)c2ccc3c(c2)C(=O)N(C3=O)I)c2ccccc2c2c1cccc2,625.0,11,"Tg, K  (calc)"
417,243,Ic1cc(cc(c1)C(=O)O)N1C(=O)c2c(C1=O)ccc(c2)C(C(F)(F)F)(C(F)(F)F)c1ccc2c(c1)C(=O)N(C2=O)I,582.0,7,"Tg (DSC), K"
418,243,Ic1cc(cc(c1)C(=O)O)N1C(=O)c2c(C1=O)ccc(c2)C(C(F)(F)F)(C(F)(F)F)c1ccc2c(c1)C(=O)N(C2=O)I,613.0,11,"Tg, K  (calc)"
419,244,O=C1c2cc(ccc2C(=O)N1c1cc2c(cc1C)c1c(S2(=O)=O)cc(c(c1)C)I)C(C(F)(F)F)(C(F)(F)F)c1ccc2c(c1)C(=O)N(C2=O)I,763.0,7,"Tg (DSC), K"
420,244,O=C1c2cc(ccc2C(=O)N1c1cc2c(cc1C)c1c(S2(=O)=O)cc(c(c1)C)I)C(C(F)(F)F)(C(F)(F)F)c1ccc2c(c1)C(=O)N(C2=O)I,635.0,11,"Tg, K  (calc)"
421,247,Ic1ccc2c(c1)c1cc(ccc1C2(C)C)N1C(=O)c2c(C1=O)cc(cc2)Oc1ccc(cc1)C(c1ccc(cc1)Oc1ccc2c(c1)C(=O)N(C2=O)I)(C)C,563.0,9,"Tg (unknown method), K"
422,247,Ic1ccc2c(c1)c1cc(ccc1C2(C)C)N1C(=O)c2c(C1=O)cc(cc2)Oc1ccc(cc1)C(c1ccc(cc1)Oc1ccc2c(c1)C(=O)N(C2=O)I)(C)C,500.0,11,"Tg, K  (calc)"
423,253,Ic1ccc(cc1)N(c1ccccc1)c1ccc(cc1)N1C(=O)c2c(C1=O)cc(cc2)c1ccc2c(c1)C(=O)N(C2=O)I,603.0,4,"Tg (TMA), K, (exp) unknown conditions"
424,253,Ic1ccc(cc1)N(c1ccccc1)c1ccc(cc1)N1C(=O)c2c(C1=O)cc(cc2)c1ccc2c(c1)C(=O)N(C2=O)I,591.0,11,"Tg, K  (calc)"
425,254,Ic1ccc(cc1)N(c1ccccc1)c1ccc(cc1)N1C(=O)c2c(C1=O)cc(cc2)C(=O)c1ccc2c(c1)C(=O)N(C2=O)I,565.0,4,"Tg (TMA), K, (exp) unknown conditions"
426,254,Ic1ccc(cc1)N(c1ccccc1)c1ccc(cc1)N1C(=O)c2c(C1=O)cc(cc2)C(=O)c1ccc2c(c1)C(=O)N(C2=O)I,569.0,11,"Tg, K  (calc)"
427,255,Ic1ccc(cc1)N(c1ccccc1)c1ccc(cc1)N1C(=O)c2c(C1=O)cc(cc2)C(C(F)(F)F)(C(F)(F)F)c1ccc2c(c1)C(=O)N(C2=O)I,580.0,4,"Tg (TMA), K, (exp) unknown conditions"
428,255,Ic1ccc(cc1)N(c1ccccc1)c1ccc(cc1)N1C(=O)c2c(C1=O)cc(cc2)C(C(F)(F)F)(C(F)(F)F)c1ccc2c(c1)C(=O)N(C2=O)I,582.0,11,"Tg, K  (calc)"
429,256,Ic1ccc(cc1)N(c1ccccc1)c1ccc(cc1)N1C(=O)c2c(C1=O)cc(cc2)Oc1ccc2c(c1)C(=O)N(C2=O)I,561.0,4,"Tg (TMA), K, (exp) unknown conditions"
430,256,Ic1ccc(cc1)N(c1ccccc1)c1ccc(cc1)N1C(=O)c2c(C1=O)cc(cc2)Oc1ccc2c(c1)C(=O)N(C2=O)I,545.0,11,"Tg, K  (calc)"
431,257,Ic1ccc2c(c1)C(=O)c1c2ccc(c1)N1C(=O)c2c(C1=O)ccc(c2)C(C(F)(F)F)(C(F)(F)F)c1ccc2c(c1)C(=O)N(C2=O)I,649.0,7,"Tg (DSC), K"
432,257,Ic1ccc2c(c1)C(=O)c1c2ccc(c1)N1C(=O)c2c(C1=O)ccc(c2)C(C(F)(F)F)(C(F)(F)F)c1ccc2c(c1)C(=O)N(C2=O)I,586.0,11,"Tg, K  (calc)"
433,258,Ic1ccc2c(c1)[nH]c1c2ccc(c1)N1C(=O)c2c(C1=O)ccc(c2)C(C(F)(F)F)(C(F)(F)F)c1ccc2c(c1)C(=O)N(C2=O)I,685.0,7,"Tg (DSC), K"
434,258,Ic1ccc2c(c1)[nH]c1c2ccc(c1)N1C(=O)c2c(C1=O)ccc(c2)C(C(F)(F)F)(C(F)(F)F)c1ccc2c(c1)C(=O)N(C2=O)I,544.0,11,"Tg, K  (calc)"
435,260,O=C1c2cc(ccc2C(=O)N1c1cc2c(cc1C)c1c(S2(=O)=O)cc(c(c1)C)I)S(=O)(=O)c1ccc2c(c1)C(=O)N(C2=O)I,763.0,7,"Tg (DSC), K"
436,260,O=C1c2cc(ccc2C(=O)N1c1cc2c(cc1C)c1c(S2(=O)=O)cc(c(c1)C)I)S(=O)(=O)c1ccc2c(c1)C(=O)N(C2=O)I,677.0,11,"Tg, K  (calc)"
437,328,Ic1ccc(cc1)Oc1ccc(cc1)N1C(=O)c2c(C1=O)cc(cc2)Oc1ccc(cc1)Oc1ccc(cc1)Oc1ccc2c(c1)C(=O)N(C2=O)I,488.0,9,"Tg (unknown method), K"
438,328,Ic1ccc(cc1)Oc1ccc(cc1)N1C(=O)c2c(C1=O)cc(cc2)Oc1ccc(cc1)Oc1ccc(cc1)Oc1ccc2c(c1)C(=O)N(C2=O)I,467.0,11,"Tg, K  (calc)"
439,333,Ic1cccc(c1)N1C(=O)c2c(C1=O)cc(cc2)Oc1ccc(cc1)Sc1ccc(cc1)Oc1ccc2c(c1)C(=O)N(C2=O)I,482.0,9,"Tg (unknown method), K"
440,333,Ic1cccc(c1)N1C(=O)c2c(C1=O)cc(cc2)Oc1ccc(cc1)Sc1ccc(cc1)Oc1ccc2c(c1)C(=O)N(C2=O)I,455.0,11,"Tg, K  (calc)"
441,345,Ic1ccc(cc1)Oc1ccc(cc1)N1C(=O)c2c(C1=O)c(ccc2)Oc1ccc(cc1)Sc1ccc(cc1)Oc1cccc2c1C(=O)N(C2=O)I,507.0,9,"Tg (unknown method), K"
442,345,Ic1ccc(cc1)Oc1ccc(cc1)N1C(=O)c2c(C1=O)c(ccc2)Oc1ccc(cc1)Sc1ccc(cc1)Oc1cccc2c1C(=O)N(C2=O)I,459.0,11,"Tg, K  (calc)"
443,358,Ic1ccc(cc1)Oc1ccc(cc1)N1C(=O)c2c(C1=O)c(ccc2)Oc1ccc(cc1)Oc1ccc(cc1)Oc1cccc2c1C(=O)N(C2=O)I,512.0,9,"Tg (unknown method), K"
444,358,Ic1ccc(cc1)Oc1ccc(cc1)N1C(=O)c2c(C1=O)c(ccc2)Oc1ccc(cc1)Oc1ccc(cc1)Oc1cccc2c1C(=O)N(C2=O)I,467.0,11,"Tg, K  (calc)"
445,360,Ic1cccc(c1)N1C(=O)c2c(C1=O)c(ccc2)Oc1ccc(cc1)Oc1ccc(cc1)Oc1cccc2c1C(=O)N(C2=O)I,505.0,9,"Tg (unknown method), K"
446,360,Ic1cccc(c1)N1C(=O)c2c(C1=O)c(ccc2)Oc1ccc(cc1)Oc1ccc(cc1)Oc1cccc2c1C(=O)N(C2=O)I,465.0,11,"Tg, K  (calc)"
447,362,Ic1ccc(cc1)C(C(F)(F)F)(C(F)(F)F)c1ccc(cc1)N1C(=O)c2c(C1=O)cc(cc2)Oc1cccc2c1cccc2Oc1ccc2c(c1)C(=O)N(C2=O)I,549.0,7,"Tg (DSC), K"
448,362,Ic1ccc(cc1)C(C(F)(F)F)(C(F)(F)F)c1ccc(cc1)N1C(=O)c2c(C1=O)cc(cc2)Oc1cccc2c1cccc2Oc1ccc2c(c1)C(=O)N(C2=O)I,513.0,11,"Tg, K  (calc)"
449,363,Ic1ccc(cc1)C(C(F)(F)F)(C(F)(F)F)c1ccc(cc1)N1C(=O)c2c(C1=O)cc(cc2)Oc1cc2ccccc2cc1Oc1ccc2c(c1)C(=O)N(C2=O)I,529.0,7,"Tg (DSC), K"
450,363,Ic1ccc(cc1)C(C(F)(F)F)(C(F)(F)F)c1ccc(cc1)N1C(=O)c2c(C1=O)cc(cc2)Oc1cc2ccccc2cc1Oc1ccc2c(c1)C(=O)N(C2=O)I,513.0,11,"Tg, K  (calc)"
451,364,Ic1ccc(cc1)C(C(F)(F)F)(C(F)(F)F)c1ccc(cc1)N1C(=O)c2c(C1=O)cc(cc2)Oc1ccc2c(c1)ccc(c2)Oc1ccc2c(c1)C(=O)N(C2=O)I,491.0,7,"Tg (DSC), K"
452,364,Ic1ccc(cc1)C(C(F)(F)F)(C(F)(F)F)c1ccc(cc1)N1C(=O)c2c(C1=O)cc(cc2)Oc1ccc2c(c1)ccc(c2)Oc1ccc2c(c1)C(=O)N(C2=O)I,513.0,11,"Tg, K  (calc)"
453,365,Ic1ccc(cc1)C(C(F)(F)F)(C(F)(F)F)c1ccc(cc1)N1C(=O)c2c(C1=O)cc(cc2)Oc1ccc2c(c1)cc(cc2)Oc1ccc2c(c1)C(=O)N(C2=O)I,529.0,7,"Tg (DSC), K"
454,365,Ic1ccc(cc1)C(C(F)(F)F)(C(F)(F)F)c1ccc(cc1)N1C(=O)c2c(C1=O)cc(cc2)Oc1ccc2c(c1)cc(cc2)Oc1ccc2c(c1)C(=O)N(C2=O)I,513.0,11,"Tg, K  (calc)"
455,369,Ic1ccc(cc1)Oc1ccc(cc1)N1C(=O)c2c(C1=O)cccc2Oc1cccc(c1)Oc1cccc2c1C(=O)N(C2=O)I,499.0,9,"Tg (unknown method), K"
456,369,Ic1ccc(cc1)Oc1ccc(cc1)N1C(=O)c2c(C1=O)cccc2Oc1cccc(c1)Oc1cccc2c1C(=O)N(C2=O)I,465.0,11,"Tg, K  (calc)"
457,371,Ic1ccc(cc1)Oc1ccc(cc1)c1ccc(cc1)Oc1ccc(cc1)N1C(=O)c2c(C1=O)cc(cc2)Oc1ccc2c(c1)ccc(c2)Oc1ccc2c(c1)C(=O)N(C2=O)I,503.0,7,"Tg (DSC), K"
458,371,Ic1ccc(cc1)Oc1ccc(cc1)c1ccc(cc1)Oc1ccc(cc1)N1C(=O)c2c(C1=O)cc(cc2)Oc1ccc2c(c1)ccc(c2)Oc1ccc2c(c1)C(=O)N(C2=O)I,473.0,11,"Tg, K  (calc)"
459,372,IN1C(=O)c2c(C1=O)cc(cc2)Oc1cccc2c1cccc2Oc1ccc2c(c1)C(=O)N(C2=O)c1c(C)cc(cc1C)Cc1cc(C)c(c(c1)C)I,554.0,7,"Tg (DSC), K"
460,372,IN1C(=O)c2c(C1=O)cc(cc2)Oc1cccc2c1cccc2Oc1ccc2c(c1)C(=O)N(C2=O)c1c(C)cc(cc1C)Cc1cc(C)c(c(c1)C)I,503.0,11,"Tg, K  (calc)"
461,373,IN1C(=O)c2c(C1=O)cc(cc2)Oc1cc2ccccc2cc1Oc1ccc2c(c1)C(=O)N(C2=O)c1c(C)cc(cc1C)Cc1cc(C)c(c(c1)C)I,538.0,7,"Tg (DSC), K"
462,373,IN1C(=O)c2c(C1=O)cc(cc2)Oc1cc2ccccc2cc1Oc1ccc2c(c1)C(=O)N(C2=O)c1c(C)cc(cc1C)Cc1cc(C)c(c(c1)C)I,503.0,11,"Tg, K  (calc)"
463,374,IN1C(=O)c2c(C1=O)cc(cc2)Oc1ccc2c(c1)cc(cc2)Oc1ccc2c(c1)C(=O)N(C2=O)c1c(C)cc(cc1C)Cc1cc(C)c(c(c1)C)I,545.0,7,"Tg (DSC), K"
464,374,IN1C(=O)c2c(C1=O)cc(cc2)Oc1ccc2c(c1)cc(cc2)Oc1ccc2c(c1)C(=O)N(C2=O)c1c(C)cc(cc1C)Cc1cc(C)c(c(c1)C)I,503.0,11,"Tg, K  (calc)"
465,375,IN1C(=O)c2c(C1=O)cc(cc2)Oc1cc2ccccc2cc1Oc1ccc2c(c1)C(=O)N(C2=O)c1c(C)cc(cc1C)c1cc(C)c(c(c1)C)I,581.0,7,"Tg (DSC), K"
466,375,IN1C(=O)c2c(C1=O)cc(cc2)Oc1cc2ccccc2cc1Oc1ccc2c(c1)C(=O)N(C2=O)c1c(C)cc(cc1C)c1cc(C)c(c(c1)C)I,525.0,11,"Tg, K  (calc)"
467,376,Ic1cc(cc(c1)C(F)(F)F)N1C(=O)c2c(C1=O)ccc(c2)Oc1cccc2c1cccc2Oc1ccc2c(c1)C(=O)N(C2=O)I,523.0,7,"Tg (DSC), K"
468,376,Ic1cc(cc(c1)C(F)(F)F)N1C(=O)c2c(C1=O)ccc(c2)Oc1cccc2c1cccc2Oc1ccc2c(c1)C(=O)N(C2=O)I,483.0,11,"Tg, K  (calc)"
469,377,Ic1cc(cc(c1)C(F)(F)F)N1C(=O)c2c(C1=O)ccc(c2)Oc1cc2ccccc2cc1Oc1ccc2c(c1)C(=O)N(C2=O)I,523.0,7,"Tg (DSC), K"
470,377,Ic1cc(cc(c1)C(F)(F)F)N1C(=O)c2c(C1=O)ccc(c2)Oc1cc2ccccc2cc1Oc1ccc2c(c1)C(=O)N(C2=O)I,483.0,11,"Tg, K  (calc)"
471,378,Ic1cc(cc(c1)C(F)(F)F)N1C(=O)c2c(C1=O)ccc(c2)Oc1ccc2c(c1)cc(cc2)Oc1ccc2c(c1)C(=O)N(C2=O)I,508.0,7,"Tg (DSC), K"
472,378,Ic1cc(cc(c1)C(F)(F)F)N1C(=O)c2c(C1=O)ccc(c2)Oc1ccc2c(c1)cc(cc2)Oc1ccc2c(c1)C(=O)N(C2=O)I,483.0,11,"Tg, K  (calc)"
473,379,Ic1ccc(cc1)C(c1ccc(cc1)C(c1ccc(cc1)N1C(=O)c2c(C1=O)cc(cc2)Oc1cccc2c1cccc2Oc1ccc2c(c1)C(=O)N(C2=O)I)(C)C)(C)C,526.0,7,"Tg (DSC), K"
474,379,Ic1ccc(cc1)C(c1ccc(cc1)C(c1ccc(cc1)N1C(=O)c2c(C1=O)cc(cc2)Oc1cccc2c1cccc2Oc1ccc2c(c1)C(=O)N(C2=O)I)(C)C)(C)C,494.0,11,"Tg, K  (calc)"
475,380,Ic1ccc(cc1)C(c1ccc(cc1)C(c1ccc(cc1)N1C(=O)c2c(C1=O)ccc(c2)Oc1ccc2c(c1)ccc(c2)Oc1ccc2c(c1)C(=O)N(C2=O)I)(C)C)(C)C,519.0,7,"Tg (DSC), K"
476,380,Ic1ccc(cc1)C(c1ccc(cc1)C(c1ccc(cc1)N1C(=O)c2c(C1=O)ccc(c2)Oc1ccc2c(c1)ccc(c2)Oc1ccc2c(c1)C(=O)N(C2=O)I)(C)C)(C)C,494.0,11,"Tg, K  (calc)"
477,382,Ic1ccc(cc1)C(c1ccc(cc1)C(c1ccc(cc1)N1C(=O)c2c(C1=O)ccc(c2)Oc1ccc2c(c1)cc(cc2)Oc1ccc2c(c1)C(=O)N(C2=O)I)(C)C)(C)C,519.0,7,"Tg (DSC), K"
478,382,Ic1ccc(cc1)C(c1ccc(cc1)C(c1ccc(cc1)N1C(=O)c2c(C1=O)ccc(c2)Oc1ccc2c(c1)cc(cc2)Oc1ccc2c(c1)C(=O)N(C2=O)I)(C)C)(C)C,494.0,11,"Tg, K  (calc)"
479,383,Ic1ccc(cc1)Oc1ccc(cc1)Oc1ccc(cc1)N1C(=O)c2c(C1=O)cc(cc2)Oc1cc2ccccc2cc1Oc1ccc2c(c1)C(=O)N(C2=O)I,502.0,7,"Tg (DSC), K"
480,383,Ic1ccc(cc1)Oc1ccc(cc1)Oc1ccc(cc1)N1C(=O)c2c(C1=O)cc(cc2)Oc1cc2ccccc2cc1Oc1ccc2c(c1)C(=O)N(C2=O)I,464.0,11,"Tg, K  (calc)"
481,384,Ic1ccc(cc1)Oc1ccc(cc1)Oc1ccc(cc1)N1C(=O)c2c(C1=O)ccc(c2)Oc1ccc2c(c1)cc(cc2)Oc1ccc2c(c1)C(=O)N(C2=O)I,501.0,7,"Tg (DSC), K"
482,384,Ic1ccc(cc1)Oc1ccc(cc1)Oc1ccc(cc1)N1C(=O)c2c(C1=O)ccc(c2)Oc1ccc2c(c1)cc(cc2)Oc1ccc2c(c1)C(=O)N(C2=O)I,464.0,11,"Tg, K  (calc)"
483,386,Ic1ccc(cc1)Oc1ccc(cc1)c1ccc(cc1)Oc1ccc(cc1)N1C(=O)c2c(C1=O)cc(cc2)Oc1cc2ccccc2cc1Oc1ccc2c(c1)C(=O)N(C2=O)I,500.0,7,"Tg (DSC), K"
484,386,Ic1ccc(cc1)Oc1ccc(cc1)c1ccc(cc1)Oc1ccc(cc1)N1C(=O)c2c(C1=O)cc(cc2)Oc1cc2ccccc2cc1Oc1ccc2c(c1)C(=O)N(C2=O)I,473.0,11,"Tg, K  (calc)"
485,387,Ic1cccc(c1)N1C(=O)c2c(C1=O)cc(cc2)Oc1cccc2c1cccc2Oc1ccc2c(c1)C(=O)N(C2=O)I,533.0,7,"Tg (DSC), K"
486,387,Ic1cccc(c1)N1C(=O)c2c(C1=O)cc(cc2)Oc1cccc2c1cccc2Oc1ccc2c(c1)C(=O)N(C2=O)I,479.0,11,"Tg, K  (calc)"
487,388,Ic1cccc(c1)N1C(=O)c2c(C1=O)cc(cc2)Oc1cc2ccccc2cc1Oc1ccc2c(c1)C(=O)N(C2=O)I,528.0,7,"Tg (DSC), K"
488,388,Ic1cccc(c1)N1C(=O)c2c(C1=O)cc(cc2)Oc1cc2ccccc2cc1Oc1ccc2c(c1)C(=O)N(C2=O)I,479.0,11,"Tg, K  (calc)"
489,389,Ic1cccc(c1)N1C(=O)c2c(C1=O)cc(cc2)Oc1ccc2c(c1)ccc(c2)Oc1ccc2c(c1)C(=O)N(C2=O)I,503.0,7,"Tg (DSC), K"
490,389,Ic1cccc(c1)N1C(=O)c2c(C1=O)cc(cc2)Oc1ccc2c(c1)ccc(c2)Oc1ccc2c(c1)C(=O)N(C2=O)I,479.0,11,"Tg, K  (calc)"
491,390,Ic1cccc(c1)N1C(=O)c2c(C1=O)cc(cc2)Oc1ccc2c(c1)cc(cc2)Oc1ccc2c(c1)C(=O)N(C2=O)I,527.0,7,"Tg (DSC), K"
492,390,Ic1cccc(c1)N1C(=O)c2c(C1=O)cc(cc2)Oc1ccc2c(c1)cc(cc2)Oc1ccc2c(c1)C(=O)N(C2=O)I,479.0,11,"Tg, K  (calc)"
493,391,Ic1ccc(cc1)Oc1ccc(cc1)N1C(=O)c2c(C1=O)cc(cc2)Oc1cccc2c1cccc2Oc1ccc2c(c1)C(=O)N(C2=O)I,513.0,7,"Tg (DSC), K"
494,391,Ic1ccc(cc1)Oc1ccc(cc1)N1C(=O)c2c(C1=O)cc(cc2)Oc1cccc2c1cccc2Oc1ccc2c(c1)C(=O)N(C2=O)I,479.0,11,"Tg, K  (calc)"
495,393,Ic1ccc(cc1)Oc1ccc(cc1)N1C(=O)c2c(C1=O)cc(cc2)Oc1cc2ccccc2cc1Oc1ccc2c(c1)C(=O)N(C2=O)I,508.0,7,"Tg (DSC), K"
496,393,Ic1ccc(cc1)Oc1ccc(cc1)N1C(=O)c2c(C1=O)cc(cc2)Oc1cc2ccccc2cc1Oc1ccc2c(c1)C(=O)N(C2=O)I,479.0,11,"Tg, K  (calc)"
497,394,Ic1ccc(cc1)Oc1ccc(cc1)N1C(=O)c2c(C1=O)cc(cc2)Oc1ccc2c(c1)ccc(c2)Oc1ccc2c(c1)C(=O)N(C2=O)I,522.0,7,"Tg (DSC), K"
498,394,Ic1ccc(cc1)Oc1ccc(cc1)N1C(=O)c2c(C1=O)cc(cc2)Oc1ccc2c(c1)ccc(c2)Oc1ccc2c(c1)C(=O)N(C2=O)I,479.0,11,"Tg, K  (calc)"
499,395,Ic1ccc(cc1)Oc1ccc(cc1)N1C(=O)c2c(C1=O)cc(cc2)Oc1ccc2c(c1)cc(cc2)Oc1ccc2c(c1)C(=O)N(C2=O)I,518.0,7,"Tg (DSC), K"
500,395,Ic1ccc(cc1)Oc1ccc(cc1)N1C(=O)c2c(C1=O)cc(cc2)Oc1ccc2c(c1)cc(cc2)Oc1ccc2c(c1)C(=O)N(C2=O)I,479.0,11,"Tg, K  (calc)"
501,400,Ic1ccc(cc1)C(c1ccc(cc1)N1C(=O)c2c(C1=O)cc(cc2)Oc1cccc2c1cccc2Oc1ccc2c(c1)C(=O)N(C2=O)I)(C)C,538.0,7,"Tg (DSC), K"
502,400,Ic1ccc(cc1)C(c1ccc(cc1)N1C(=O)c2c(C1=O)cc(cc2)Oc1cccc2c1cccc2Oc1ccc2c(c1)C(=O)N(C2=O)I)(C)C,497.0,11,"Tg, K  (calc)"
503,401,Ic1ccc(cc1)C(c1ccc(cc1)N1C(=O)c2c(C1=O)cc(cc2)Oc1ccc2c(c1)ccc(c2)Oc1ccc2c(c1)C(=O)N(C2=O)I)(C)C,509.0,7,"Tg (DSC), K"
504,401,Ic1ccc(cc1)C(c1ccc(cc1)N1C(=O)c2c(C1=O)cc(cc2)Oc1ccc2c(c1)ccc(c2)Oc1ccc2c(c1)C(=O)N(C2=O)I)(C)C,497.0,11,"Tg, K  (calc)"
505,402,Ic1ccc(cc1)C(c1ccc(cc1)N1C(=O)c2c(C1=O)cc(cc2)Oc1ccc2c(c1)cc(cc2)Oc1ccc2c(c1)C(=O)N(C2=O)I)(C)C,520.0,7,"Tg (DSC), K"
506,402,Ic1ccc(cc1)C(c1ccc(cc1)N1C(=O)c2c(C1=O)cc(cc2)Oc1ccc2c(c1)cc(cc2)Oc1ccc2c(c1)C(=O)N(C2=O)I)(C)C,497.0,11,"Tg, K  (calc)"
507,407,Ic1ccc(cc1)Cc1ccc(cc1)N1C(=O)c2c(C1=O)cccc2Oc1ccc(cc1)C(c1ccc(cc1)Oc1cccc2c1C(=O)N(C2=O)I)(C)C,503.0,9,"Tg (unknown method), K"
508,407,Ic1ccc(cc1)Cc1ccc(cc1)N1C(=O)c2c(C1=O)cccc2Oc1ccc(cc1)C(c1ccc(cc1)Oc1cccc2c1C(=O)N(C2=O)I)(C)C,491.0,11,"Tg, K  (calc)"
509,501,Ic1ccc(cc1)Cc1ccc(cc1)N1C(=O)c2c(C1=O)c(ccc2)c1cccc2c1C(=O)N(C2=O)I,584.0,7,"Tg (DSC), K"
510,501,Ic1ccc(cc1)Cc1ccc(cc1)N1C(=O)c2c(C1=O)c(ccc2)c1cccc2c1C(=O)N(C2=O)I,573.0,11,"Tg, K  (calc)"
511,502,Ic1ccc(cc1)Oc1cccc(c1)Oc1ccc(cc1)N1C(=O)c2c(C1=O)cccc2c1ccc2c(c1)C(=O)N(C2=O)I,521.0,7,"Tg (DSC), K"
512,502,Ic1ccc(cc1)Oc1cccc(c1)Oc1ccc(cc1)N1C(=O)c2c(C1=O)cccc2c1ccc2c(c1)C(=O)N(C2=O)I,496.0,11,"Tg, K  (calc)"
513,503,Ic1ccc(cc1)Oc1cccc(c1)Oc1ccc(cc1)N1C(=O)c2c(C1=O)cc(cc2)c1ccc2c(c1)C(=O)N(C2=O)I,484.0,7,"Tg (DSC), K"
514,503,Ic1ccc(cc1)Oc1cccc(c1)Oc1ccc(cc1)N1C(=O)c2c(C1=O)cc(cc2)c1ccc2c(c1)C(=O)N(C2=O)I,496.0,11,"Tg, K  (calc)"
515,504,Ic1cccc(c1)C(=O)c1cccc(c1)N1C(=O)c2c(C1=O)ccc(c2)Oc1ccc2c(c1)C(=O)N(C2=O)I,512.0,7,"Tg (DSC), K"
516,504,Ic1cccc(c1)C(=O)c1cccc(c1)N1C(=O)c2c(C1=O)ccc(c2)Oc1ccc2c(c1)C(=O)N(C2=O)I,484.0,11,"Tg, K  (calc)"
517,505,Ic1ccc(cc1)S(=O)(=O)c1ccc(cc1)N1C(=O)c2c(C1=O)cc(cc2)c1ccc2c(c1)C(=O)N(C2=O)I,603.0,7,"Tg (DSC), K"
518,505,Ic1ccc(cc1)S(=O)(=O)c1ccc(cc1)N1C(=O)c2c(C1=O)cc(cc2)c1ccc2c(c1)C(=O)N(C2=O)I,645.0,11,"Tg, K  (calc)"
519,506,Ic1cccc(c1)S(=O)(=O)c1cccc(c1)N1C(=O)c2c(C1=O)c(ccc2)c1cccc2c1C(=O)N(C2=O)I,533.0,7,"Tg (DSC), K"
520,506,Ic1cccc(c1)S(=O)(=O)c1cccc(c1)N1C(=O)c2c(C1=O)c(ccc2)c1cccc2c1C(=O)N(C2=O)I,569.0,11,"Tg, K  (calc)"
521,507,Ic1ccc(nc1)Oc1cccc(c1)Oc1ccc(cn1)N1C(=O)c2c(C1=O)cc(cc2)C(=O)c1ccc2c(c1)C(=O)N(C2=O)I,538.0,4,"Tg (TMA), K, (exp) unknown conditions"
522,507,Ic1ccc(nc1)Oc1cccc(c1)Oc1ccc(cn1)N1C(=O)c2c(C1=O)cc(cc2)C(=O)c1ccc2c(c1)C(=O)N(C2=O)I,465.0,11,"Tg, K  (calc)"
523,508,Ic1cccc(c1)Cc1ccc(cc1)Cc1cccc(c1)N1C(=O)c2c(C1=O)cc(cc2)C(=O)c1ccc2c(c1)C(=O)N(C2=O)I,478.0,5,"Tg (TBA), K, (exp),  N2 300 C"
524,508,Ic1cccc(c1)Cc1ccc(cc1)Cc1cccc(c1)N1C(=O)c2c(C1=O)cc(cc2)C(=O)c1ccc2c(c1)C(=O)N(C2=O)I,482.0,11,"Tg, K  (calc)"
525,509,Ic1ccc(cc1)N1C(=O)c2c(C1=O)ccc(c2)Oc1ccc(cc1)c1ccc(cc1)Oc1ccc2c(c1)C(=O)N(C2=O)I,503.0,9,"Tg (unknown method), K"
526,509,Ic1ccc(cc1)N1C(=O)c2c(C1=O)ccc(c2)Oc1ccc(cc1)c1ccc(cc1)Oc1ccc2c(c1)C(=O)N(C2=O)I,519.0,11,"Tg, K  (calc)"
527,510,Ic1ccc(cc1)N1C(=O)c2c(C1=O)cc(cc2)Oc1ccc(cc1)Oc1ccc(cc1)Oc1ccc2c(c1)C(=O)N(C2=O)I,483.0,9,"Tg (unknown method), K"
528,510,Ic1ccc(cc1)N1C(=O)c2c(C1=O)cc(cc2)Oc1ccc(cc1)Oc1ccc(cc1)Oc1ccc2c(c1)C(=O)N(C2=O)I,484.0,11,"Tg, K  (calc)"
529,511,Ic1ccc(cc1)N1C(=O)c2c(C1=O)cc(cc2)Oc1ccc(cc1)Sc1ccc(cc1)Oc1ccc2c(c1)C(=O)N(C2=O)I,474.0,9,"Tg (unknown method), K"
530,511,Ic1ccc(cc1)N1C(=O)c2c(C1=O)cc(cc2)Oc1ccc(cc1)Sc1ccc(cc1)Oc1ccc2c(c1)C(=O)N(C2=O)I,474.0,11,"Tg, K  (calc)"
531,512,Ic1ccc(cc1)c1ccc(cc1)N1C(=O)c2c(C1=O)cc(cc2)Oc1ccc(cc1)Oc1ccc2c(c1)C(=O)N(C2=O)I,495.0,9,"Tg (unknown method), K"
532,512,Ic1ccc(cc1)c1ccc(cc1)N1C(=O)c2c(C1=O)cc(cc2)Oc1ccc(cc1)Oc1ccc2c(c1)C(=O)N(C2=O)I,519.0,11,"Tg, K  (calc)"
533,513,Ic1ccc(cc1)c1ccc(cc1)N1C(=O)c2c(C1=O)cc(cc2)Oc1ccc(cc1)c1ccc(cc1)Oc1ccc2c(c1)C(=O)N(C2=O)I,493.0,9,"Tg (unknown method), K"
534,513,Ic1ccc(cc1)c1ccc(cc1)N1C(=O)c2c(C1=O)cc(cc2)Oc1ccc(cc1)c1ccc(cc1)Oc1ccc2c(c1)C(=O)N(C2=O)I,524.0,11,"Tg, K  (calc)"
535,514,Ic1ccc(cc1)c1ccc(cc1)N1C(=O)c2c(C1=O)cc(cc2)Oc1ccc(cc1)Oc1ccc(cc1)Oc1ccc2c(c1)C(=O)N(C2=O)I,481.0,9,"Tg (unknown method), K"
536,514,Ic1ccc(cc1)c1ccc(cc1)N1C(=O)c2c(C1=O)cc(cc2)Oc1ccc(cc1)Oc1ccc(cc1)Oc1ccc2c(c1)C(=O)N(C2=O)I,493.0,11,"Tg, K  (calc)"
537,515,Ic1ccc(cc1)c1ccc(cc1)N1C(=O)c2c(C1=O)cc(cc2)Oc1ccc(cc1)Sc1ccc(cc1)Oc1ccc2c(c1)C(=O)N(C2=O)I,479.0,9,"Tg (unknown method), K"
538,515,Ic1ccc(cc1)c1ccc(cc1)N1C(=O)c2c(C1=O)cc(cc2)Oc1ccc(cc1)Sc1ccc(cc1)Oc1ccc2c(c1)C(=O)N(C2=O)I,484.0,11,"Tg, K  (calc)"
539,516,Ic1ccc(cc1)Oc1ccc(cc1)N1C(=O)c2c(C1=O)cc(cc2)Oc1ccc(cc1)c1ccc(cc1)Oc1ccc2c(c1)C(=O)N(C2=O)I,484.0,9,"Tg (unknown method), K"
540,516,Ic1ccc(cc1)Oc1ccc(cc1)N1C(=O)c2c(C1=O)cc(cc2)Oc1ccc(cc1)c1ccc(cc1)Oc1ccc2c(c1)C(=O)N(C2=O)I,493.0,11,"Tg, K  (calc)"
541,517,Ic1ccc(cc1)Oc1ccc(cc1)N1C(=O)c2c(C1=O)cc(cc2)Oc1ccc(cc1)Sc1ccc(cc1)Oc1ccc2c(c1)C(=O)N(C2=O)I,467.0,9,"Tg (unknown method), K"
542,517,Ic1ccc(cc1)Oc1ccc(cc1)N1C(=O)c2c(C1=O)cc(cc2)Oc1ccc(cc1)Sc1ccc(cc1)Oc1ccc2c(c1)C(=O)N(C2=O)I,459.0,11,"Tg, K  (calc)"
543,518,Ic1ccc(cc1)Sc1ccc(cc1)N1C(=O)c2c(C1=O)cc(cc2)Oc1ccc(cc1)Oc1ccc2c(c1)C(=O)N(C2=O)I,474.0,9,"Tg (unknown method), K"
544,518,Ic1ccc(cc1)Sc1ccc(cc1)N1C(=O)c2c(C1=O)cc(cc2)Oc1ccc(cc1)Oc1ccc2c(c1)C(=O)N(C2=O)I,474.0,11,"Tg, K  (calc)"
545,519,Ic1ccc(cc1)Sc1ccc(cc1)N1C(=O)c2c(C1=O)cc(cc2)Oc1ccc(cc1)c1ccc(cc1)Oc1ccc2c(c1)C(=O)N(C2=O)I,478.0,9,"Tg (unknown method), K"
546,519,Ic1ccc(cc1)Sc1ccc(cc1)N1C(=O)c2c(C1=O)cc(cc2)Oc1ccc(cc1)c1ccc(cc1)Oc1ccc2c(c1)C(=O)N(C2=O)I,484.0,11,"Tg, K  (calc)"
547,520,Ic1ccc(cc1)Sc1ccc(cc1)N1C(=O)c2c(C1=O)cc(cc2)Oc1ccc(cc1)Sc1ccc(cc1)Oc1ccc2c(c1)C(=O)N(C2=O)I,459.0,9,"Tg (unknown method), K"
548,520,Ic1ccc(cc1)Sc1ccc(cc1)N1C(=O)c2c(C1=O)cc(cc2)Oc1ccc(cc1)Sc1ccc(cc1)Oc1ccc2c(c1)C(=O)N(C2=O)I,451.0,11,"Tg, K  (calc)"
549,804,Ic1ccc(cc1)S(=O)(=O)c1ccc(cc1)N1C(=O)c2c(C1=O)cc(cc2)S(=O)(=O)c1ccc2c(c1)C(=O)N(C2=O)I,773.0,10,"Tsoft, K"
550,804,Ic1ccc(cc1)S(=O)(=O)c1ccc(cc1)N1C(=O)c2c(C1=O)cc(cc2)S(=O)(=O)c1ccc2c(c1)C(=O)N(C2=O)I,667.0,11,"Tg, K  (calc)"
551,805,Ic1ccc(cc1)C(=O)c1ccc(cc1)N1C(=O)c2c(C1=O)cc(cc2)Oc1ccc2c(c1)C(=O)N(C2=O)I,563.0,10,"Tsoft, K"
552,805,Ic1ccc(cc1)C(=O)c1ccc(cc1)N1C(=O)c2c(C1=O)cc(cc2)Oc1ccc2c(c1)C(=O)N(C2=O)I,537.0,11,"Tg, K  (calc)"
553,814,O=C1N(C(=O)c2c1cc(cc2)Oc1ccc2c(c1)C(=O)N(C2=O)I)c1ccc(cc1Cl)Cc1ccc(c(c1)Cl)I,508.0,10,"Tsoft, K"
554,814,O=C1N(C(=O)c2c1cc(cc2)Oc1ccc2c(c1)C(=O)N(C2=O)I)c1ccc(cc1Cl)Cc1ccc(c(c1)Cl)I,510.0,11,"Tg, K  (calc)"
555,816,Ic1ccc2c(c1)C(=O)c1c2ccc(c1)N1C(=O)c2c(C1=O)ccc(c2)Oc1ccc2c(c1)C(=O)N(C2=O)I,633.0,10,"Tsoft, K"
556,816,Ic1ccc2c(c1)C(=O)c1c2ccc(c1)N1C(=O)c2c(C1=O)ccc(c2)Oc1ccc2c(c1)C(=O)N(C2=O)I,541.0,11,"Tg, K  (calc)"
557,817,Ic1ccc(cc1)Oc1ccc(cc1)N1C(=O)c2c(C1=O)ccc(c2)Oc1cccc(c1)Oc1ccc2c(c1)C(=O)N(C2=O)I,488.0,10,"Tsoft, K"
558,817,Ic1ccc(cc1)Oc1ccc(cc1)N1C(=O)c2c(C1=O)ccc(c2)Oc1cccc(c1)Oc1ccc2c(c1)C(=O)N(C2=O)I,465.0,11,"Tg, K  (calc)"
559,818,Ic1ccc(cc1)Oc1ccc(cc1)Oc1ccc(cc1)N1C(=O)c2c(C1=O)cc(cc2)Oc1cccc(c1)Oc1ccc2c(c1)C(=O)N(C2=O)I,472.0,7,"Tg (DSC), K"
560,818,Ic1ccc(cc1)Oc1ccc(cc1)Oc1ccc(cc1)N1C(=O)c2c(C1=O)cc(cc2)Oc1cccc(c1)Oc1ccc2c(c1)C(=O)N(C2=O)I,475.0,10,"Tsoft, K"
561,818,Ic1ccc(cc1)Oc1ccc(cc1)Oc1ccc(cc1)N1C(=O)c2c(C1=O)cc(cc2)Oc1cccc(c1)Oc1ccc2c(c1)C(=O)N(C2=O)I,451.0,11,"Tg, K  (calc)"
562,819,Ic1ccc(cc1)Oc1cccc(c1)Oc1ccc(cc1)N1C(=O)c2c(C1=O)cc(cc2)Oc1cccc(c1)Oc1ccc2c(c1)C(=O)N(C2=O)I,470.0,10,"Tsoft, K"
563,819,Ic1ccc(cc1)Oc1cccc(c1)Oc1ccc(cc1)N1C(=O)c2c(C1=O)cc(cc2)Oc1cccc(c1)Oc1ccc2c(c1)C(=O)N(C2=O)I,437.0,11,"Tg, K  (calc)"
564,823,Ic1ccc(cc1)Oc1ccc(cc1)N1C(=O)c2c(C1=O)cc(cc2)C(=O)c1ccc(cc1)C(=O)c1ccc2c(c1)C(=O)N(C2=O)I,535.0,7,"Tg (DSC), K"
565,823,Ic1ccc(cc1)Oc1ccc(cc1)N1C(=O)c2c(C1=O)cc(cc2)C(=O)c1ccc(cc1)C(=O)c1ccc2c(c1)C(=O)N(C2=O)I,538.0,10,"Tsoft, K"
566,823,Ic1ccc(cc1)Oc1ccc(cc1)N1C(=O)c2c(C1=O)cc(cc2)C(=O)c1ccc(cc1)C(=O)c1ccc2c(c1)C(=O)N(C2=O)I,525.0,11,"Tg, K  (calc)"
567,824,Ic1ccc(cc1)Oc1ccc(cc1)Oc1ccc(cc1)N1C(=O)c2c(C1=O)cc(cc2)C(=O)c1ccc(cc1)C(=O)c1ccc2c(c1)C(=O)N(C2=O)I,600.0,10,"Tsoft, K"
568,824,Ic1ccc(cc1)Oc1ccc(cc1)Oc1ccc(cc1)N1C(=O)c2c(C1=O)cc(cc2)C(=O)c1ccc(cc1)C(=O)c1ccc2c(c1)C(=O)N(C2=O)I,499.0,11,"Tg, K  (calc)"
569,825,Ic1ccc(cc1)Oc1cccc(c1)Oc1ccc(cc1)N1C(=O)c2c(C1=O)ccc(c2)C(=O)c1ccc(cc1)C(=O)c1ccc2c(c1)C(=O)N(C2=O)I,650.0,10,"Tsoft, K"
570,825,Ic1ccc(cc1)Oc1cccc(c1)Oc1ccc(cc1)N1C(=O)c2c(C1=O)ccc(c2)C(=O)c1ccc(cc1)C(=O)c1ccc2c(c1)C(=O)N(C2=O)I,482.0,11,"Tg, K  (calc)"
571,826,Ic1ccc(cc1)C(=O)c1ccc(cc1)N1C(=O)c2c(C1=O)cc(cc2)c1ccc2c(c1)C(=O)N(C2=O)I,580.0,10,"Tsoft, K"
572,826,Ic1ccc(cc1)C(=O)c1ccc(cc1)N1C(=O)c2c(C1=O)cc(cc2)c1ccc2c(c1)C(=O)N(C2=O)I,591.0,11,"Tg, K  (calc)"
573,828,Ic1ccc(cc1)Oc1ccc(cc1)Oc1ccc(cc1)N1C(=O)c2c(C1=O)cc(cc2)c1ccc2c(c1)C(=O)N(C2=O)I,530.0,6,"Tg (DTMA), K"
574,828,Ic1ccc(cc1)Oc1ccc(cc1)Oc1ccc(cc1)N1C(=O)c2c(C1=O)cc(cc2)c1ccc2c(c1)C(=O)N(C2=O)I,703.0,10,"Tsoft, K"
575,828,Ic1ccc(cc1)Oc1ccc(cc1)Oc1ccc(cc1)N1C(=O)c2c(C1=O)cc(cc2)c1ccc2c(c1)C(=O)N(C2=O)I,519.0,11,"Tg, K  (calc)"
576,832,Ic1ccc(cc1)S(=O)(=O)c1ccc(cc1)N1C(=O)c2c(C1=O)cc(cc2)C(=O)c1ccc2c(c1)C(=O)N(C2=O)I,589.0,7,"Tg (DSC), K"
577,832,Ic1ccc(cc1)S(=O)(=O)c1ccc(cc1)N1C(=O)c2c(C1=O)cc(cc2)C(=O)c1ccc2c(c1)C(=O)N(C2=O)I,580.0,10,"Tsoft, K"
578,832,Ic1ccc(cc1)S(=O)(=O)c1ccc(cc1)N1C(=O)c2c(C1=O)cc(cc2)C(=O)c1ccc2c(c1)C(=O)N(C2=O)I,613.0,11,"Tg, K  (calc)"
579,841,Ic1ccc(cc1)Oc1ccc(cc1)Oc1ccc(cc1)N1C(=O)c2c(C1=O)cc(cc2)Oc1ccc(cc1)Oc1ccc(cc1)Oc1ccc2c(c1)C(=O)N(C2=O)I,475.0,10,"Tsoft, K"
580,841,Ic1ccc(cc1)Oc1ccc(cc1)Oc1ccc(cc1)N1C(=O)c2c(C1=O)cc(cc2)Oc1ccc(cc1)Oc1ccc(cc1)Oc1ccc2c(c1)C(=O)N(C2=O)I,455.0,11,"Tg, K  (calc)"
581,2,Ic1ccc(cc1)S(=O)(=O)c1ccc(cc1)N1C(=O)c2c(C1=O)cc(cc2)Oc1ccc2c(c1)C(=O)N(C2=O)I,563.0,6,"Tg (DTMA), K"
582,2,Ic1ccc(cc1)S(=O)(=O)c1ccc(cc1)N1C(=O)c2c(C1=O)cc(cc2)Oc1ccc2c(c1)C(=O)N(C2=O)I,563.0,9,"Tg (unknown method), K"
583,2,Ic1ccc(cc1)S(=O)(=O)c1ccc(cc1)N1C(=O)c2c(C1=O)cc(cc2)Oc1ccc2c(c1)C(=O)N(C2=O)I,583.0,10,"Tsoft, K"
584,2,Ic1ccc(cc1)S(=O)(=O)c1ccc(cc1)N1C(=O)c2c(C1=O)cc(cc2)Oc1ccc2c(c1)C(=O)N(C2=O)I,582.0,11,"Tg, K  (calc)"
585,4,Ic1cccc(c1)Oc1cccc(c1)N1C(=O)c2c(C1=O)ccc(c2)Oc1ccc2c(c1)C(=O)N(C2=O)I,459.0,6,"Tg (DTMA), K"
586,4,Ic1cccc(c1)Oc1cccc(c1)N1C(=O)c2c(C1=O)ccc(c2)Oc1ccc2c(c1)C(=O)N(C2=O)I,523.0,10,"Tsoft, K"
587,4,Ic1cccc(c1)Oc1cccc(c1)N1C(=O)c2c(C1=O)ccc(c2)Oc1ccc2c(c1)C(=O)N(C2=O)I,461.0,11,"Tg, K  (calc)"
588,5,Ic1ccc(cc1)Sc1ccc(cc1)N1C(=O)c2c(C1=O)cc(cc2)Oc1ccc2c(c1)C(=O)N(C2=O)I,513.0,7,"Tg (DSC), K"
589,5,Ic1ccc(cc1)Sc1ccc(cc1)N1C(=O)c2c(C1=O)cc(cc2)Oc1ccc2c(c1)C(=O)N(C2=O)I,538.0,10,"Tsoft, K"
590,5,Ic1ccc(cc1)Sc1ccc(cc1)N1C(=O)c2c(C1=O)cc(cc2)Oc1ccc2c(c1)C(=O)N(C2=O)I,550.0,10,"Tsoft, K"
591,5,Ic1ccc(cc1)Sc1ccc(cc1)N1C(=O)c2c(C1=O)cc(cc2)Oc1ccc2c(c1)C(=O)N(C2=O)I,496.0,11,"Tg, K  (calc)"
592,8,Ic1ccc(cc1)Oc1cccc(c1)Oc1ccc(cc1)N1C(=O)c2c(C1=O)cc(cc2)Oc1ccc2c(c1)C(=O)N(C2=O)I,508.0,6,"Tg (DTMA), K"
593,8,Ic1ccc(cc1)Oc1cccc(c1)Oc1ccc(cc1)N1C(=O)c2c(C1=O)cc(cc2)Oc1ccc2c(c1)C(=O)N(C2=O)I,473.0,10,"Tsoft, K"
594,8,Ic1ccc(cc1)Oc1cccc(c1)Oc1ccc(cc1)N1C(=O)c2c(C1=O)cc(cc2)Oc1ccc2c(c1)C(=O)N(C2=O)I,465.0,11,"Tg, K  (calc)"
595,9,Ic1ccc(cc1)C(c1ccc(cc1)N1C(=O)c2c(C1=O)cc(cc2)Oc1ccc2c(c1)C(=O)N(C2=O)I)(C)C,544.0,7,"Tg (DSC), K"
596,9,Ic1ccc(cc1)C(c1ccc(cc1)N1C(=O)c2c(C1=O)cc(cc2)Oc1ccc2c(c1)C(=O)N(C2=O)I)(C)C,563.0,10,"Tsoft, K"
597,9,Ic1ccc(cc1)C(c1ccc(cc1)N1C(=O)c2c(C1=O)cc(cc2)Oc1ccc2c(c1)C(=O)N(C2=O)I)(C)C,534.0,11,"Tg, K  (calc)"
598,16,Ic1ccc(cc1)S(=O)(=O)c1ccc(cc1)N1C(=O)c2c(C1=O)cc(cc2)Oc1ccc(cc1)Oc1ccc2c(c1)C(=O)N(C2=O)I,556.0,7,"Tg (DSC), K"
599,16,Ic1ccc(cc1)S(=O)(=O)c1ccc(cc1)N1C(=O)c2c(C1=O)cc(cc2)Oc1ccc(cc1)Oc1ccc2c(c1)C(=O)N(C2=O)I,563.0,10,"Tsoft, K"
600,16,Ic1ccc(cc1)S(=O)(=O)c1ccc(cc1)N1C(=O)c2c(C1=O)cc(cc2)Oc1ccc(cc1)Oc1ccc2c(c1)C(=O)N(C2=O)I,537.0,11,"Tg, K  (calc)"
601,19,Ic1ccc(cc1)Oc1ccc(cc1)Oc1ccc(cc1)N1C(=O)c2c(C1=O)cc(cc2)Oc1ccc(cc1)Oc1ccc2c(c1)C(=O)N(C2=O)I,518.0,6,"Tg (DTMA), K"
602,19,Ic1ccc(cc1)Oc1ccc(cc1)Oc1ccc(cc1)N1C(=O)c2c(C1=O)cc(cc2)Oc1ccc(cc1)Oc1ccc2c(c1)C(=O)N(C2=O)I,502.0,7,"Tg (DSC), K"
603,19,Ic1ccc(cc1)Oc1ccc(cc1)Oc1ccc(cc1)N1C(=O)c2c(C1=O)cc(cc2)Oc1ccc(cc1)Oc1ccc2c(c1)C(=O)N(C2=O)I,487.0,7,"Tg (DSC), K"
604,19,Ic1ccc(cc1)Oc1ccc(cc1)Oc1ccc(cc1)N1C(=O)c2c(C1=O)cc(cc2)Oc1ccc(cc1)Oc1ccc2c(c1)C(=O)N(C2=O)I,473.0,10,"Tsoft, K"
605,19,Ic1ccc(cc1)Oc1ccc(cc1)Oc1ccc(cc1)N1C(=O)c2c(C1=O)cc(cc2)Oc1ccc(cc1)Oc1ccc2c(c1)C(=O)N(C2=O)I,475.0,10,"Tsoft, K"
606,19,Ic1ccc(cc1)Oc1ccc(cc1)Oc1ccc(cc1)N1C(=O)c2c(C1=O)cc(cc2)Oc1ccc(cc1)Oc1ccc2c(c1)C(=O)N(C2=O)I,467.0,11,"Tg, K  (calc)"
